sentiment,text,user,,,
neutral,"@Niciger To bagra i Å¾eli - da mi dignemo ruke od kluba. Duboko verujem da taj dan nikad neÄ‡e doÄ‡i, i da Ä‡e baÅ¡ ovoâ€¦ https://t.co/IRq46HDc7W",thecompanero011,,,
negative,So sad ğŸ’”,Inaolamiji1,,,
neutral,ëª¨ê°€... \n\n https://t.co/Chj9KAC21e,sad_hiphop,,,
negative,We were really waiting for a positive news. This is sad.ğŸ’” https://t.co/Xsg3loco6J,winnerthegirl,,,
negative,"RT @meridianbetme: ğŸ“£ Pazi sad! joÅ¡ brÅ¾a i jednostavnija dopunu meridianbet raÄuna putem kartice, bez nadoknade dopuni depozit u bilo kom moâ€¦",_vedran7,,,
neutral,@LauraFMcConnell @SueReviews @milton_damian @thewoodbug @MsJoBillington @CharleneTait_SA @nickmward @FionaSnpâ€¦ https://t.co/BtemuXjI3F,WanderingPsych,,,
negative,@Ada_Nsukka_ Islamization and Fulanization agenda of Buhari government very sad. https://t.co/MYbQT6Qcl1,gabriel_ossai,,,
negative,"@UmohUduak1 Obviously those guys do this alot, I can imagine how many people have been victims of this evil act thaâ€¦ https://t.co/T4pulKhnXl",seymaster1,,,
negative,Taemin : Don't be too sad\nMe : \n\n#TAEMIN_BeyondLive https://t.co/jYQgNipoHC,SiriusMoonchild,,,
negative,"RT @ThePlacardGuy: On a serious note, feeling extremely sad for people like her who laid down their lives. I don't know what went wrong inâ€¦",coolrahul311292,,,
negative,"RT @ThePlacardGuy: On a serious note, feeling extremely sad for people like her who laid down their lives. I don't know what went wrong inâ€¦",Aditya69Thakur,,,
negative,look at ne being sad brrrrt,bellaquackgog,,,
negative,thank you for not plauying anymore sad song but anyways time to skip,GH0STHQ,,,
negative,my mind is a sad place sometimes,Helloimashley10,,,
negative,Sad okiee,zakisamo_,,,
negative,@kaptenmoorgan Sad truthğŸ˜­,rennvelvetx,,,
negative,All she wanted was a Job. Thats all. So sad. ğŸ’”ğŸ’”ğŸ’”ğŸ’”ğŸ’”,T051N,,,
positive,https://t.co/wbZf5qcTcf Until teachers are given the freedom to educate our students on race based on modern sciencâ€¦ https://t.co/kZnPFrxMJW,JaySumlin1,,,
negative,RT @zeeraahh: today really is the end of our comeback promo this is always sad,piockyjr,,,
negative,This is really sad ğŸ’”. I was really hopeful,Darasimi__,,,
neutral,RT @_theFisayo: Inna lillahi wa inna ilayhi rajiun ğŸ’”\n\nThis is so sad. I hope they get Justice. \n\nGoing out and coming back safely in this câ€¦,bambi__bambs,,,
negative,"RT @SF9__Unofficial: [INFO] [#ì‹±ê¸€ì¦ˆ] Chani, \I always played sad characters"," so I thought a lot about how to show another side of sad this tiâ€¦""",inseongeffect,,
negative,RT @90sSophie: Really sad that Humoren is dead. What a wicked world.ğŸ˜“ https://t.co/f9W3v9VAwC,iammeekflawlez2,,,
positive,This is the most heartbreaking tweet Iâ€™ve seen today! I was really hoping they find the girl alive! My God! Soo sooâ€¦ https://t.co/CYUJE4RHC0,mzzDzifa,,,
negative,This is too sad,_omeizaa,,,
negative,@TheOnlyOzy Infact its too sad,MzJUDDIE,,,
negative,RT @iamoliver_may22: That baba ijesha video is sick\n\nBaba ijesha can be jailed for sexual interference with a minor. The girl is just 14 fgâ€¦,eniola3636,,,
negative,@bojubaby Itâ€™s so sad,jubrxll,,,
negative,@iSlimfit @UmohUduak1 We all were ooo... This is so sad...,charliechakra,,,
negative,"RT @borahaebich: Getting buttered means \getting drunk\"" so it's a twerking song with sad lyrics where bangtan drink and be gay and sad afteâ€¦""",lomltaete,,,
negative,RT @90sSophie: Really sad that Humoren is dead. What a wicked world.ğŸ˜“ https://t.co/f9W3v9VAwC,Diego_clemzy,,,
positive,RT @voicexist: â€¢ Lawyer: The Good Wife (2019)\nâ€¢ Flight Attendant: FLY!BOYS!FLY SP (2019)\nâ€¢ Nurse: Nijiiro Karute (2021)\nâ€¢ Interns: Night Doâ€¦,akiramenaizee,,,
negative,Iâ€™m literally so sad. I donâ€™t know what to do.,kissesforjaemin,,,
negative,This is so sad.,fiyin_a_,,,
negative,"RT @SchoonerLita: @luciemorrismarr It's just so sad, nearly every family effected and the politicians just walk away rewarded for their indâ€¦",WgarNews,,,
negative,I saw the tweet from her friend And tears rolled down from nowhere.... The news has ruined my day. God I was hopingâ€¦ https://t.co/oi7io4eDFd,Zinxiee1,,,
negative,can someone upload the danger stage so i wont feel too sad anymire,serotaemin,,,
negative,Im sad I'm so sad,nyushinee,,,
positive,"RT @sevendless: Youngjae's clear and stable vocals are already a given but his acting when Haram felt excited, embarrassed, sad, in love, aâ€¦",Ahgasophie,,,
negative,@_777grace Damn tats sad,Hunter_oof,,,
negative,"Bestie I had a mental breakdown today, I'm gonna have another one if these romantic sad songs comes on my tik tok fâ€¦ https://t.co/By8wXM9pHv",1stSamn,,,
negative,RT @90sSophie: Really sad that Humoren is dead. What a wicked world.ğŸ˜“ https://t.co/f9W3v9VAwC,KamzGroup,,,
positive,"RT @sevendless: Youngjae's clear and stable vocals are already a given but his acting when Haram felt excited, embarrassed, sad, in love, aâ€¦",917cyj,,,
neutral,Ğ¯ ÑƒĞ¼ĞµÑ Ğ´ĞµĞ»Ğ°Ñ‚ÑŒ Ñ…Ğ¾Ñ€Ğ¾ÑˆĞ¸Ğµ Ğ¿Ğ¾Ğ´Ğ°Ñ€ĞºĞ¸ Ğ½Ğ° Ğ¿Ñ€Ğ°Ğ·Ğ´Ğ½Ğ¸ĞºĞ¸. Ğ¡ĞµĞ³Ğ¾Ğ´Ğ½Ñ Ğ²Ğ¾Ñ‚ ÑƒÑ…Ğ¾Ğ¶Ñƒ Ñ…Ñ€ĞµĞ½ Ğ·Ğ½Ğ°ĞµÑ‚ ĞºÑƒĞ´Ğ° Ğ½Ğ° Ñ…Ñ€ĞµĞ½ Ğ·Ğ½Ğ°ĞµÑ‚ ÑĞºĞ¾Ğ»ÑŒĞºĞ¾. Ğ¡ĞµĞ¼ÑŒÑ Ñ€Ğ°Ğ´Ğ°. Ğ¡Ğºâ€¦ https://t.co/YrBsgOczHf,sad_and_numb,,,
negative,@PhejayP Hays mao sad lagi dad,Tinnytinexxx,,,
negative,so my computer was not recording anim actually so sad,bigdaddyminho,,,
negative,@UmohUduak1 @PoliceNG was waiting for 48hours. Sad,Okafornnewi,,,
negative,RT @lawrenx_: sad news everywhere.,Kitkat_Melony,,,
negative,@Prome_theus01 You get!!!\nThis is so sad ğŸ˜­ğŸ˜­,EKuyet,,,
negative,Feeling sad for @rahulkanwal @chitraaum ğŸ¥±ğŸ¥±ğŸ¥±,KumarAmit0812,,,
negative,i watched the fault in our starts last night and cried myself to sleep wtf itâ€™s so sad,gladersfilms,,,
positive,RT @haivri: Very sad day for Israel and the Jewish people. \n\nConcordances to the families who lost their loved ones and prayers for those iâ€¦,LehiRed,,,
negative,This is really sadğŸ˜­ğŸ˜­ğŸ˜­ğŸ˜­ may her soul rest in peace https://t.co/ZScHMS8TQS,UduakCallistus,,,
negative,@UmohUduak1 Jeez..This is sad,TobiSpeaks,,,
negative,"RT @DemolaRewaju: Sad to hear Ini Umoren was killed, really sad.\n\nPlease be careful on this app and everywhere. Evil people do everything nâ€¦",Rolex7Michael,,,
negative,This is so sad,Tejire_,,,
neutral,Ğ¥Ñ€Ğ¸ÑÑ‚Ğ¾Ñ Ğ²Ğ¾ÑĞºÑ€ĞµÑ https://t.co/QfqDYqmNUh,sad_shmeker,,,
neutral,RT @efaperfume: Sedih la teringat raya tahun lepas paling sendu gila. Sarung baju raya 15 minit pastu makan pastu habis raya. We sacrificedâ€¦,shxwtymxne_,,,
negative,"@UmohUduak1 It's sad to know you could loss your life while looking for a job in this Nigeria, we are thriving to bâ€¦ https://t.co/RFOSdBKORt",bozman4rael,,,
negative,"\stop posting sad adele songs\"" mf tell adele to stop writing songs about stsg\nhttps://t.co/6ZwhUaM1LG""",shawtyhawks,,,
negative,RT @chyngyozil: God!!! This is sad and heartless. They killed her ğŸ˜¢,Iamkaykingz,,,
negative,RT @sheni_coker: Such a sad way to start a day. May her soul Rest In Peace. Really sad sad,xakalicious,,,
negative,@IACAbhi Very sad ğŸ˜¥ğŸ˜¥ğŸ˜¥ stay safe..ğŸ˜·ğŸ˜·ğŸ˜·,ASHISHKUMARTUR5,,,
negative,i just wanna be appreciated ğŸ˜” frick u mom u make me sad,kabukiigirl,,,
neutral,taemin: don't be sad okay?\nalso taemin: *cries*,baemiiin,,,
negative,yk how sad would kin mads mikkelsen if he wasnâ€™t a real person? me with daniel bruhl https://t.co/WTnFe4DM9s,catboyamato,,,
negative,Sad https://t.co/CXjnfByLwS,Odinkim23,,,
negative,This is really sad. \nReally really sad.,Viqforlan,,,
negative,"@BastetSilver @markcf83 @metpoliceuk I got it ok thanks, now off you go back to your desperate and sad followers of twitter land",marktracey87,,,
positive,"RT @haivri: There is a huge tragedy in Israel, during the night tens of worshipers were killed and hundreds injured in a human stampede atâ€¦",LehiRed,,,
negative,RT @imnamjoonkim: Being an army doesn't necessarily mean that it is compulsory for you to have all albums and merch. I've been an army forâ€¦,egoseokkk,,,
neutral,RT @efaperfume: Sedih la teringat raya tahun lepas paling sendu gila. Sarung baju raya 15 minit pastu makan pastu habis raya. We sacrificedâ€¦,_NFarhanaAAzeli,,,
negative,RT @BolWrld: Itâ€™ll be a sad day in basketball when Lebron Retires. https://t.co/x2mWwD23vZ,johnnykbeatz,,,
negative,People are still in denial itâ€™s so funny! And incredibly sad. https://t.co/f8sF3sUeEg,BloggoJones,,,
negative,RT @BBCCasualty: Weâ€™re sad to see you go Leon! \n \nThe Holby ED doors are always open for you ğŸ¤—\n \n#Casualty https://t.co/86im9xf9Ba,MissGBeauchamps,,,
negative,"@UmohUduak1 @Irunnia_ OMG, this is so Sad to hear \nMay her soul rest in peace",Emmaxeboh,,,
positive,"Yeah if Didi didn't raise the issue BJP could have win, bhakts could have not demanded burnol. So sad.â€¦ https://t.co/rMMN6fqCRr",KomediGoon,,,
neutral,@gxgacc Cumlaude,Sad_dxvxl,,,
negative,im probably just gonna be ia i donâ€™t wanna be sad on the tl,DJARINSBF,,,
negative,@shoutdr Aww sad,BkgKski,,,
negative,RT @waad00med: Why did my last two brain cells have to be a sad one and a stupid one,UmeKals87398856,,,
negative,@_mide_j I actually did pray for her Iâ€™m soo sad,traycie__,,,
negative,There is a BMW that uprooted a tree along Robert Mugabe at Pub Gondola in the early hours of this morning. It was a sad sight ğŸ’”,kenniekays,,,
negative,"RT @HilllZoey: When you are sad alone, the mirror doubles loneliness. https://t.co/h8ZaWQtpJY",DarbyLindgren,,,
positive,"RT @ViggyStrdust: This is a dystopian Hunger games-esque event. It is incredibly stressful, anxiety inducing &amp; maddening for those who canâ€¦",Shafiq_Razak,,,
negative,"RT @DemolaRewaju: Sad to hear Ini Umoren was killed, really sad.\n\nPlease be careful on this app and everywhere. Evil people do everything nâ€¦",keepee101,,,
negative,"@Zen_firee Sad, I pray her family has the strength to bare the loss.",KING_TJB,,,
negative,@shawen17 It's sad.,_Scorpio7,,,
negative,@queen_Marihana Very sad ğŸ˜”,Sommiiiee,,,
negative,@kofoworola_aa Very sad.,2Ibikunle,,,
positive,"RT @sevendless: Youngjae's clear and stable vocals are already a given but his acting when Haram felt excited, embarrassed, sad, in love, aâ€¦",prdefshyuck,,,
negative,"RT @michaelmina_lab: I feel very distraught about what is happening w COVID in India. At moment, I am distraught (and extremely sad) bc thiâ€¦",GameDevGary,,,
negative,@UmohUduak1 This is sad\n\nSo sorry for your loss,officializucee,,,
negative,@QuratulAin__007 @ImranKhanPTI It's really heart breaking SisoğŸ’”\nVery very sad to know that what\nPain your going thrâ€¦ https://t.co/YVOzNz3uoD,sadafsheriff35,,,
negative,@Chiebuniem_ I literally just retweeted a post with her hashtag. So sad. May she rest in peace and may her killers never know peace,reeses_peaceee,,,
negative,@VictorIsrael_ This is sad,Eddy_jasper,,,
negative,this is so sad,hyukflwr,,,
negative,@Obongowoibesik1 Sad,CAPT__Vincent,,,
negative,"RT @cassrenforevs: ang dami mo kayang paassurance Sir, wag na ikaw sad boy HAHAHA\n\nSaCassRenMAYForever\n#CassRen\n@Espanto2001 \n@LegaspiCassy",CassRen17,,,
neutral,"@Sad_Earthling Hvor er den smuk. Tak, fordi du Ã¥bner mine Ã¸jne for vores smukke fugle",IreneJosefsen,,,
neutral,"@Niciger To bagra i Å¾eli - da mi dignemo ruke od kluba. Duboko verujem da taj dan nikad neÄ‡e doÄ‡i, i da Ä‡e baÅ¡ ovoâ€¦ https://t.co/IRq46HDc7W",thecompanero011,,,
negative,So sad ğŸ’”,Inaolamiji1,,,
neutral,ëª¨ê°€... \n\n https://t.co/Chj9KAC21e,sad_hiphop,,,
negative,We were really waiting for a positive news. This is sad.ğŸ’” https://t.co/Xsg3loco6J,winnerthegirl,,,
negative,"RT @meridianbetme: ğŸ“£ Pazi sad! joÅ¡ brÅ¾a i jednostavnija dopunu meridianbet raÄuna putem kartice, bez nadoknade dopuni depozit u bilo kom moâ€¦",_vedran7,,,
neutral,@LauraFMcConnell @SueReviews @milton_damian @thewoodbug @MsJoBillington @CharleneTait_SA @nickmward @FionaSnpâ€¦ https://t.co/BtemuXjI3F,WanderingPsych,,,
negative,@Ada_Nsukka_ Islamization and Fulanization agenda of Buhari government very sad. https://t.co/MYbQT6Qcl1,gabriel_ossai,,,
negative,"@UmohUduak1 Obviously those guys do this alot, I can imagine how many people have been victims of this evil act thaâ€¦ https://t.co/T4pulKhnXl",seymaster1,,,
negative,Taemin : Don't be too sad\nMe : \n\n#TAEMIN_BeyondLive https://t.co/jYQgNipoHC,SiriusMoonchild,,,
negative,"RT @ThePlacardGuy: On a serious note, feeling extremely sad for people like her who laid down their lives. I don't know what went wrong inâ€¦",coolrahul311292,,,
negative,"RT @ThePlacardGuy: On a serious note, feeling extremely sad for people like her who laid down their lives. I don't know what went wrong inâ€¦",Aditya69Thakur,,,
negative,look at ne being sad brrrrt,bellaquackgog,,,
negative,thank you for not plauying anymore sad song but anyways time to skip,GH0STHQ,,,
negative,my mind is a sad place sometimes,Helloimashley10,,,
negative,Sad okiee,zakisamo_,,,
negative,@kaptenmoorgan Sad truthğŸ˜­,rennvelvetx,,,
negative,All she wanted was a Job. Thats all. So sad. ğŸ’”ğŸ’”ğŸ’”ğŸ’”ğŸ’”,T051N,,,
positive,https://t.co/wbZf5qcTcf Until teachers are given the freedom to educate our students on race based on modern sciencâ€¦ https://t.co/kZnPFrxMJW,JaySumlin1,,,
negative,RT @zeeraahh: today really is the end of our comeback promo this is always sad,piockyjr,,,
negative,This is really sad ğŸ’”. I was really hopeful,Darasimi__,,,
neutral,RT @_theFisayo: Inna lillahi wa inna ilayhi rajiun ğŸ’”\n\nThis is so sad. I hope they get Justice. \n\nGoing out and coming back safely in this câ€¦,bambi__bambs,,,
negative,"RT @SF9__Unofficial: [INFO] [#ì‹±ê¸€ì¦ˆ] Chani, \I always played sad characters"," so I thought a lot about how to show another side of sad this tiâ€¦""",inseongeffect,,
negative,RT @90sSophie: Really sad that Humoren is dead. What a wicked world.ğŸ˜“ https://t.co/f9W3v9VAwC,iammeekflawlez2,,,
positive,This is the most heartbreaking tweet Iâ€™ve seen today! I was really hoping they find the girl alive! My God! Soo sooâ€¦ https://t.co/CYUJE4RHC0,mzzDzifa,,,
negative,This is too sad,_omeizaa,,,
negative,@TheOnlyOzy Infact its too sad,MzJUDDIE,,,
negative,RT @iamoliver_may22: That baba ijesha video is sick\n\nBaba ijesha can be jailed for sexual interference with a minor. The girl is just 14 fgâ€¦,eniola3636,,,
negative,@bojubaby Itâ€™s so sad,jubrxll,,,
negative,@iSlimfit @UmohUduak1 We all were ooo... This is so sad...,charliechakra,,,
negative,"RT @borahaebich: Getting buttered means \getting drunk\"" so it's a twerking song with sad lyrics where bangtan drink and be gay and sad afteâ€¦""",lomltaete,,,
negative,RT @90sSophie: Really sad that Humoren is dead. What a wicked world.ğŸ˜“ https://t.co/f9W3v9VAwC,Diego_clemzy,,,
positive,RT @voicexist: â€¢ Lawyer: The Good Wife (2019)\nâ€¢ Flight Attendant: FLY!BOYS!FLY SP (2019)\nâ€¢ Nurse: Nijiiro Karute (2021)\nâ€¢ Interns: Night Doâ€¦,akiramenaizee,,,
negative,Iâ€™m literally so sad. I donâ€™t know what to do.,kissesforjaemin,,,
negative,This is so sad.,fiyin_a_,,,
negative,"RT @SchoonerLita: @luciemorrismarr It's just so sad, nearly every family effected and the politicians just walk away rewarded for their indâ€¦",WgarNews,,,
negative,I saw the tweet from her friend And tears rolled down from nowhere.... The news has ruined my day. God I was hopingâ€¦ https://t.co/oi7io4eDFd,Zinxiee1,,,
negative,can someone upload the danger stage so i wont feel too sad anymire,serotaemin,,,
negative,Im sad I'm so sad,nyushinee,,,
positive,"RT @sevendless: Youngjae's clear and stable vocals are already a given but his acting when Haram felt excited, embarrassed, sad, in love, aâ€¦",Ahgasophie,,,
negative,@_777grace Damn tats sad,Hunter_oof,,,
negative,"Bestie I had a mental breakdown today, I'm gonna have another one if these romantic sad songs comes on my tik tok fâ€¦ https://t.co/By8wXM9pHv",1stSamn,,,
negative,RT @90sSophie: Really sad that Humoren is dead. What a wicked world.ğŸ˜“ https://t.co/f9W3v9VAwC,KamzGroup,,,
positive,"RT @sevendless: Youngjae's clear and stable vocals are already a given but his acting when Haram felt excited, embarrassed, sad, in love, aâ€¦",917cyj,,,
neutral,Ğ¯ ÑƒĞ¼ĞµÑ Ğ´ĞµĞ»Ğ°Ñ‚ÑŒ Ñ…Ğ¾Ñ€Ğ¾ÑˆĞ¸Ğµ Ğ¿Ğ¾Ğ´Ğ°Ñ€ĞºĞ¸ Ğ½Ğ° Ğ¿Ñ€Ğ°Ğ·Ğ´Ğ½Ğ¸ĞºĞ¸. Ğ¡ĞµĞ³Ğ¾Ğ´Ğ½Ñ Ğ²Ğ¾Ñ‚ ÑƒÑ…Ğ¾Ğ¶Ñƒ Ñ…Ñ€ĞµĞ½ Ğ·Ğ½Ğ°ĞµÑ‚ ĞºÑƒĞ´Ğ° Ğ½Ğ° Ñ…Ñ€ĞµĞ½ Ğ·Ğ½Ğ°ĞµÑ‚ ÑĞºĞ¾Ğ»ÑŒĞºĞ¾. Ğ¡ĞµĞ¼ÑŒÑ Ñ€Ğ°Ğ´Ğ°. Ğ¡Ğºâ€¦ https://t.co/YrBsgOczHf,sad_and_numb,,,
negative,@PhejayP Hays mao sad lagi dad,Tinnytinexxx,,,
negative,so my computer was not recording anim actually so sad,bigdaddyminho,,,
negative,@UmohUduak1 @PoliceNG was waiting for 48hours. Sad,Okafornnewi,,,
negative,RT @lawrenx_: sad news everywhere.,Kitkat_Melony,,,
negative,@Prome_theus01 You get!!!\nThis is so sad ğŸ˜­ğŸ˜­,EKuyet,,,
negative,Feeling sad for @rahulkanwal @chitraaum ğŸ¥±ğŸ¥±ğŸ¥±,KumarAmit0812,,,
negative,i watched the fault in our starts last night and cried myself to sleep wtf itâ€™s so sad,gladersfilms,,,
positive,RT @haivri: Very sad day for Israel and the Jewish people. \n\nConcordances to the families who lost their loved ones and prayers for those iâ€¦,LehiRed,,,
negative,This is really sadğŸ˜­ğŸ˜­ğŸ˜­ğŸ˜­ may her soul rest in peace https://t.co/ZScHMS8TQS,UduakCallistus,,,
negative,@UmohUduak1 Jeez..This is sad,TobiSpeaks,,,
negative,"RT @DemolaRewaju: Sad to hear Ini Umoren was killed, really sad.\n\nPlease be careful on this app and everywhere. Evil people do everything nâ€¦",Rolex7Michael,,,
negative,This is so sad,Tejire_,,,
neutral,Ğ¥Ñ€Ğ¸ÑÑ‚Ğ¾Ñ Ğ²Ğ¾ÑĞºÑ€ĞµÑ https://t.co/QfqDYqmNUh,sad_shmeker,,,
neutral,RT @efaperfume: Sedih la teringat raya tahun lepas paling sendu gila. Sarung baju raya 15 minit pastu makan pastu habis raya. We sacrificedâ€¦,shxwtymxne_,,,
negative,"@UmohUduak1 It's sad to know you could loss your life while looking for a job in this Nigeria, we are thriving to bâ€¦ https://t.co/RFOSdBKORt",bozman4rael,,,
negative,"\stop posting sad adele songs\"" mf tell adele to stop writing songs about stsg\nhttps://t.co/6ZwhUaM1LG""",shawtyhawks,,,
negative,RT @chyngyozil: God!!! This is sad and heartless. They killed her ğŸ˜¢,Iamkaykingz,,,
negative,RT @sheni_coker: Such a sad way to start a day. May her soul Rest In Peace. Really sad sad,xakalicious,,,
negative,@IACAbhi Very sad ğŸ˜¥ğŸ˜¥ğŸ˜¥ stay safe..ğŸ˜·ğŸ˜·ğŸ˜·,ASHISHKUMARTUR5,,,
negative,i just wanna be appreciated ğŸ˜” frick u mom u make me sad,kabukiigirl,,,
neutral,taemin: don't be sad okay?\nalso taemin: *cries*,baemiiin,,,
negative,yk how sad would kin mads mikkelsen if he wasnâ€™t a real person? me with daniel bruhl https://t.co/WTnFe4DM9s,catboyamato,,,
negative,Sad https://t.co/CXjnfByLwS,Odinkim23,,,
negative,This is really sad. \nReally really sad.,Viqforlan,,,
negative,"@BastetSilver @markcf83 @metpoliceuk I got it ok thanks, now off you go back to your desperate and sad followers of twitter land",marktracey87,,,
positive,"RT @haivri: There is a huge tragedy in Israel, during the night tens of worshipers were killed and hundreds injured in a human stampede atâ€¦",LehiRed,,,
negative,RT @imnamjoonkim: Being an army doesn't necessarily mean that it is compulsory for you to have all albums and merch. I've been an army forâ€¦,egoseokkk,,,
neutral,RT @efaperfume: Sedih la teringat raya tahun lepas paling sendu gila. Sarung baju raya 15 minit pastu makan pastu habis raya. We sacrificedâ€¦,_NFarhanaAAzeli,,,
negative,RT @BolWrld: Itâ€™ll be a sad day in basketball when Lebron Retires. https://t.co/x2mWwD23vZ,johnnykbeatz,,,
negative,People are still in denial itâ€™s so funny! And incredibly sad. https://t.co/f8sF3sUeEg,BloggoJones,,,
negative,RT @BBCCasualty: Weâ€™re sad to see you go Leon! \n \nThe Holby ED doors are always open for you ğŸ¤—\n \n#Casualty https://t.co/86im9xf9Ba,MissGBeauchamps,,,
negative,"@UmohUduak1 @Irunnia_ OMG, this is so Sad to hear \nMay her soul rest in peace",Emmaxeboh,,,
positive,"Yeah if Didi didn't raise the issue BJP could have win, bhakts could have not demanded burnol. So sad.â€¦ https://t.co/rMMN6fqCRr",KomediGoon,,,
neutral,@gxgacc Cumlaude,Sad_dxvxl,,,
negative,im probably just gonna be ia i donâ€™t wanna be sad on the tl,DJARINSBF,,,
negative,@shoutdr Aww sad,BkgKski,,,
negative,RT @waad00med: Why did my last two brain cells have to be a sad one and a stupid one,UmeKals87398856,,,
negative,@_mide_j I actually did pray for her Iâ€™m soo sad,traycie__,,,
negative,There is a BMW that uprooted a tree along Robert Mugabe at Pub Gondola in the early hours of this morning. It was a sad sight ğŸ’”,kenniekays,,,
negative,"RT @HilllZoey: When you are sad alone, the mirror doubles loneliness. https://t.co/h8ZaWQtpJY",DarbyLindgren,,,
positive,"RT @ViggyStrdust: This is a dystopian Hunger games-esque event. It is incredibly stressful, anxiety inducing &amp; maddening for those who canâ€¦",Shafiq_Razak,,,
negative,"RT @DemolaRewaju: Sad to hear Ini Umoren was killed, really sad.\n\nPlease be careful on this app and everywhere. Evil people do everything nâ€¦",keepee101,,,
negative,"@Zen_firee Sad, I pray her family has the strength to bare the loss.",KING_TJB,,,
negative,@shawen17 It's sad.,_Scorpio7,,,
negative,@queen_Marihana Very sad ğŸ˜”,Sommiiiee,,,
negative,@kofoworola_aa Very sad.,2Ibikunle,,,
positive,"RT @sevendless: Youngjae's clear and stable vocals are already a given but his acting when Haram felt excited, embarrassed, sad, in love, aâ€¦",prdefshyuck,,,
negative,"RT @michaelmina_lab: I feel very distraught about what is happening w COVID in India. At moment, I am distraught (and extremely sad) bc thiâ€¦",GameDevGary,,,
negative,@UmohUduak1 This is sad\n\nSo sorry for your loss,officializucee,,,
negative,@QuratulAin__007 @ImranKhanPTI It's really heart breaking SisoğŸ’”\nVery very sad to know that what\nPain your going thrâ€¦ https://t.co/YVOzNz3uoD,sadafsheriff35,,,
negative,@Chiebuniem_ I literally just retweeted a post with her hashtag. So sad. May she rest in peace and may her killers never know peace,reeses_peaceee,,,
negative,@VictorIsrael_ This is sad,Eddy_jasper,,,
negative,this is so sad,hyukflwr,,,
negative,@Obongowoibesik1 Sad,CAPT__Vincent,,,
negative,"RT @cassrenforevs: ang dami mo kayang paassurance Sir, wag na ikaw sad boy HAHAHA\n\nSaCassRenMAYForever\n#CassRen\n@Espanto2001 \n@LegaspiCassy",CassRen17,,,
neutral,"@Sad_Earthling Hvor er den smuk. Tak, fordi du Ã¥bner mine Ã¸jne for vores smukke fugle",IreneJosefsen,,,
negative,"@rebwriteswrongs Yep. Worked for the NotW went out to lunch, got v v pissed. My boss said we know you are unhappy bâ€¦ https://t.co/WQNIToTD00",HelenMackie27,,,
neutral,@ritam_45_T @MamataOfficial Kamal hai Matlab kuch bhi ??\nI never supported CSK in my life how did you imagine I wouâ€¦ https://t.co/h4WA4X8ZsT,PushpaMehra2021,,,
negative,Cast Member Bowen Yang Unhappy Over Elon Musk Hosting 'SNL' Won't Have to Perform. \n\nhttps://t.co/xmyjYMpsys\n\nBowenâ€¦ https://t.co/IjIHz29ovI,rodriQuez,,,
positive,RT @YashwantSinha: Modi thinks the foreign media will also behave like the godi media in India. First time he is facing criticism from it fâ€¦,hardygozbananas,,,
neutral,@unhappy_pancake ê·¸ì¹˜ë§Œ ë¦¬ì½”íƒ€ëŠ” ê°€ì¡±ì¸ê±¸...,pembe_S2,,,
negative,RT @MailSport: Man United's largest sponsor Adidas unhappy with club over falling shirt sales https://t.co/3UGhWQcjvL,farathiqah,,,
positive,"RT @J4YLIN__: If you want to be happy, learn to be alone without being lonely. Learn that being alone does not mean being unhappy. The worlâ€¦",JayyThaIllest,,,
neutral,"RT @Mayham_H: Selvi Zuranci, the make up artist who worked in Hercai in the beginning of season 3 said:\n\We never saw AkÄ±n harm anyone. Heâ€¦""",Aslanbey_123,,,
positive,RT @YashwantSinha: Modi thinks the foreign media will also behave like the godi media in India. First time he is facing criticism from it fâ€¦,Amit48657668,,,
positive,RT @YashwantSinha: Modi thinks the foreign media will also behave like the godi media in India. First time he is facing criticism from it fâ€¦,JaiSingh1729,,,
neutral,å±±æœ­ã®ä¸­2æšã‚°ãƒªãƒ¼ãƒ ãƒ‹ãƒ«ã£ã¦ãŠå‰â€¦ https://t.co/Ebe8dYOXDG,Bye_Unhappy,,,
negative,RT @Excellion: BREAKING: Dinosaurs unhappy about impending asteroid strike.  https://t.co/gHIVtOkaFZ,btcpioneer,,,
negative,RT @Daily_Ref: Wow! Someone is VERY unhappy that the wallpaper story didn't stick. \n\nhttps://t.co/Yu3zNBBIlr,SuperbikeAl,,,
neutral,Corey Norman needs to give it away,unhappy_dragon,,,
positive,RT @YashwantSinha: Modi thinks the foreign media will also behave like the godi media in India. First time he is facing criticism from it fâ€¦,RealNeeraj,,,
neutral,RT @kesizumionion: èƒŒä¸­ã®æ¨¡æ§˜ã‚‚ã‚ã‹ã‚‹ã‚ˆã†ã«ã—ã¦ã¿ã¾ã—ãŸâ€¦ï¼ã‚ˆã‚ã—ããŠé¡˜ã„ã„ãŸã—ã¾ã™ï¼\n#ã‚¤ãƒ³ã‚³è¿·å­ã€€#å®‰æ›‡é‡å¸‚ https://t.co/0YS36qhojP,unhappy_squash,,,
negative,RT @sighyush: Shot this at a Meerut crematorium today. A grieving family unhappy with the govtâ€™s handling of covid pandemic were interrupteâ€¦,Writeon32021351,,,
negative,@jams3d UNhappy birthday to you.,0401Flaky,,,
negative,"RT @pallavi31: If the ending is unhappy, let it go and move forward \n\n(destroy patterns of thoughts or routine or interactions that are areâ€¦",RisingDarkstar,,,
positive,RT @YashwantSinha: Modi thinks the foreign media will also behave like the godi media in India. First time he is facing criticism from it fâ€¦,delhiitekishore,,,
positive,RT @RichardAndMaya1: It isnâ€™t what you have or who you are or where you are or what you are doing that makes you happy or unhappy. It is whâ€¦,Only_Chenes,,,
positive,RT @YashwantSinha: Modi thinks the foreign media will also behave like the godi media in India. First time he is facing criticism from it fâ€¦,im_aabid,,,
negative,RT @Cantona_Collars: I have no right to tell anyone how to spend their hard earned money but would it be too much of a sacrifice to skip buâ€¦,ancedotalist,,,
negative,RT @_motivatedmind: \The poor, the unsuccessful, the unhappy," the unhealthy are the ones who use the word tomorrow the most\"" Robert Kiyosakâ€¦""",singhsbsin
positive,RT @RichardAndMaya1: It isnâ€™t what you have or who you are or where you are or what you are doing that makes you happy or unhappy. It is whâ€¦,jochard1618,,,
positive,@futuremonk @FrontalForce are hindus happy in BJP ruled states?? I am from   BJP ruled uttarakhand  and I am fcukinâ€¦ https://t.co/XHwVXkAQbQ,shashan66436424,,,
positive,It isnâ€™t what you have or who you are or where you are or what you are doing that makes you happy or unhappy. It isâ€¦ https://t.co/vgSmVU5sD6,RichardAndMaya1,,,
negative,"RT @SudhirSharma006: In puducheri,  BJP , will manipulate and shake hands with the , \nunhappy congressmen and will form government",I_am_deval,,,
negative,"The amount of people that want Ada to be unhappy on this app, the country might have deserved Buhari after all.",phre_mas,,,
negative,@RedVMail @NRL_Dragons They showed absolute nothing today. Shocking performance,unhappy_dragon,,,
neutral,"RT @Mayham_H: Selvi Zuranci, the make up artist who worked in Hercai in the beginning of season 3 said:\n\We never saw AkÄ±n harm anyone. Heâ€¦""",lilly_imma95,,,
negative,RT @Excellion: BREAKING: Dinosaurs unhappy about impending asteroid strike.  https://t.co/gHIVtOkaFZ,iamberbelek,,,
negative,RT @newsmax: SNL cast members unhappy about Elon Musk hosting won't have to perform on May 8th https://t.co/eOTrUr96gl https://t.co/zQ5sLQ9â€¦,fritts_tom,,,
negative,RT @Excellion: BREAKING: Dinosaurs unhappy about impending asteroid strike.  https://t.co/gHIVtOkaFZ,BoundaryVision,,,
positive,RT @YashwantSinha: Modi thinks the foreign media will also behave like the godi media in India. First time he is facing criticism from it fâ€¦,moin1244,,,
negative,"RT @yelseldusty: Anyone unhappy about @conservative lack of action on illegal migrants, never forget @UKLabour would have open boarders witâ€¦",sw18780774,,,
neutral,even chatting s**t about people not wanting to watch #Grease at #Christmas because it's an all white cast and the câ€¦ https://t.co/uorGtHKjTv,MichealOConner1,,,
negative,RT @MailSport: Man United's largest sponsor Adidas unhappy with club over falling shirt sales https://t.co/3UGhWQcjvL,danielvijay14,,,
negative,RT @Cantona_Collars: I have no right to tell anyone how to spend their hard earned money but would it be too much of a sacrifice to skip buâ€¦,msjoh2,,,
negative,"RT @yelseldusty: Anyone unhappy about @conservative lack of action on illegal migrants, never forget @UKLabour would have open boarders witâ€¦",BikerGary17,,,
negative,RT @Cantona_Collars: I have no right to tell anyone how to spend their hard earned money but would it be too much of a sacrifice to skip buâ€¦,LennyDeGriffa,,,
negative,@ABPNews @romanaisarkhan @RubikaLiyaquat @gyanendrat1 Rubik is unhappy,APSINGH35693027,,,
negative,They are unhappy if he does not sexually excited during intercourse a womanâ€™s genital combinations.,Kamasutra_neue,,,
positive,RT @YashwantSinha: Modi thinks the foreign media will also behave like the godi media in India. First time he is facing criticism from it fâ€¦,rhnmodi,,,
negative,RT @Daily_Ref: Wow! Someone is VERY unhappy that the wallpaper story didn't stick. \n\nhttps://t.co/Yu3zNBBIlr,shiremoorpotter,,,
negative,"@__justmesazzle And plenty of people are  already unhappy, or struggling in ways in which you canâ€™t imagine.  Countâ€¦ https://t.co/ZhnkER9Ehn",helsmels44,,,
neutral,GG: thats bullshit! thats not an apology!\nGG: you arent inherently anything and you definitely arent inherently unhâ€¦ https://t.co/itziaRuYGl,normalebooks,,,
negative,Loool one man suggested that women are unhappy because they donâ€™t have a man in their life. War kaale! Does our lifâ€¦ https://t.co/Wuv0UuzoCD,_nxeema,,,
negative,RT @MINSUGAHQ: ğŸ‘¤+ and people abroad wait in line to receive surgery from him. \n\n* the doctor also joked he was afraid that ARMYs all aroundâ€¦,atyrhhh_,,,
negative,RT @MailSport: Man United's largest sponsor Adidas unhappy with club over falling shirt sales https://t.co/3UGhWQcjvL,YDub20,,,
negative,RT @MINSUGAHQ: ğŸ‘¤+ and people abroad wait in line to receive surgery from him. \n\n* the doctor also joked he was afraid that ARMYs all aroundâ€¦,mysunshineyjj,,,
negative,@agrothedragon1 This is the worst I've seen,unhappy_dragon,,,
neutral,@Imrahul19Gupta @SelfHiraeth @MrsGandhi Bhai agar mamta banerjee bhi aa jaye toh UP me BJP ko nhi hra payegi..kaunsâ€¦ https://t.co/pDXLIhQyI7,VeCToRFieLD11,,,
negative,Constant complainers are constantly unhappy. 2230,shbupoezchbg,,,
positive,RT @YashwantSinha: Modi thinks the foreign media will also behave like the godi media in India. First time he is facing criticism from it fâ€¦,dranitsingh,,,
positive,RT @YashwantSinha: Modi thinks the foreign media will also behave like the godi media in India. First time he is facing criticism from it fâ€¦,ghanshyam_mpm,,,
neutral,@narendramodi only middle  uppercase class is   with BJP  muslim   reserve class against bjp bengal election showsâ€¦ https://t.co/affMR2K0du,Cpgupta70214255,,,
negative,RT @robroballen: MPs unhappy that youth custody chief failed to declare interest in company running failing secure training centre. https:/â€¦,supportforallUK,,,
negative,"avoid unhappy people, avoid me.",Biggings6,,,
negative,"@hardheadedniko \Our finest moments are most likely to occur when we are feeling deeply uncomfortable unhappy on unâ€¦ https://t.co/gaV4IUX5xg""",jedpontiac,,,
negative,I will die unhappy if Ruto will not lead this nation.\nRuto Hamo Tanzania https://t.co/2r3LUTdL5q,KoomeMapesa,,,
negative,RT @MailSport: Man United's largest sponsor Adidas unhappy with club over falling shirt sales https://t.co/3UGhWQcjvL,Kosironu1,,,
negative,RT @LIVEpositivity: Unhappy people do these things often. Do you know someone like this?\n\nhttps://t.co/IwiZ5b3Yo8,Nohea_Gonzalez,,,
negative,@AndersonK_1 @Mr_4teen @luhya_sauce @allarick_ @LadenKip @ItsDemosh @evanss_ke Na ako unhappyğŸ˜†ğŸš®,supreme254_,,,
positive,RT @YashwantSinha: Modi thinks the foreign media will also behave like the godi media in India. First time he is facing criticism from it fâ€¦,DurgvanshiNSR,,,
positive,RT @YashwantSinha: Modi thinks the foreign media will also behave like the godi media in India. First time he is facing criticism from it fâ€¦,AanchlSharma,,,
negative,"RT @90sGoldHoesssss: Today I quit my full time job to pursue my dream of doing makeup full time. Iâ€™m tired of being unhappy, depressed andâ€¦",noel_gabby,,,
negative,@SandeepLaw Assembly results are going as I forecasted. Only die hard supporters were unhappy when I tweeted my mind.,budbukbum1,,,
negative,Iâ€™m gonna die unhappy and alone,anticonejito,,,
negative,"RT @ThouArtPhi: changed up how my bimbosona looks cause I was pretty unhappy with it, Went back to the weird fluffy hair I used to do httpsâ€¦",Dual_Shadow,,,
negative,oh my god i am so unhappy with the current circumstances in my life!!!!,DRUGZILL4,,,
negative,RT @Cantona_Collars: I have no right to tell anyone how to spend their hard earned money but would it be too much of a sacrifice to skip buâ€¦,DerbySingh,,,
neutral,"RT @Gubyad_Snehal: Conversely, HinduÂ Dharma guides on God-realisation, meaning, obtaining eternalÂ Bliss;Â  Hence,Â  thoseÂ  whoÂ  abideÂ  byÂ  Hiâ€¦",ManoharlalU,,,
neutral,ggã™ããŸ\nãƒãƒ£ãƒƒãƒˆæ³£ã„ãŸï¼›ï¼›,unhappy_kuro,,,
neutral,AWTS PAIN PIGHATI LUMBAY HINAGPIS SAKIT PAGTANGIS IYAK LUNGKOT SIPHAYO DALAMHATI AFFLICTION AGONY ANGUISH DISTRESSâ€¦ https://t.co/8wfVrkFZ7d,killuascart,,,
negative,"Don't go searching for problems. \n\nIf you're unhappy, leave! @ Sharon, Pennsylvania https://t.co/qKzWsw50Dk",WadeMasseyShow,,,
negative,RT @Excellion: BREAKING: Dinosaurs unhappy about impending asteroid strike.  https://t.co/gHIVtOkaFZ,family_guy_arne,,,
negative,RT @Excellion: BREAKING: Dinosaurs unhappy about impending asteroid strike.  https://t.co/gHIVtOkaFZ,crypto_mrc12,,,
negative,RT @Excellion: BREAKING: Dinosaurs unhappy about impending asteroid strike.  https://t.co/gHIVtOkaFZ,LinaSeiche,,,
neutral,@HDFCBank_Cares @HDFC_Bank \nI am following the customer care since last 2 months for refund but in every response gâ€¦ https://t.co/JOLMsmagCh,ag_abhi,,,
negative,@imdoomer people who manage to be rich and unhappy dont know how to spend money,silverlovesme,,,
negative,RT @MINSUGAHQ: ğŸ‘¤+ and people abroad wait in line to receive surgery from him. \n\n* the doctor also joked he was afraid that ARMYs all aroundâ€¦,Bloomlightt,,,
negative,RT @MailSport: Man United's largest sponsor Adidas unhappy with club over falling shirt sales https://t.co/3UGhWQcjvL,Lawrence_KC,,,
negative,@imrejele @danthat Do you get lots of ads targeting unhappy tweeters? Dissatisfied with your social media provider?â€¦ https://t.co/ORQcGVrvld,prolixative,,,
negative,Iâ€™m homely and awkward and odd and youâ€™d be ashamed of me and we would quarrel - we canâ€™t help it even now! - Iâ€™d hâ€¦ https://t.co/XUTESzYsBM,swirlyg1rl,,,
negative,why make money and be unhappy when I can make nothing and be unhappy but at least have a creative outlet,georgiastar03,,,
negative,i SUDDENLY remembered that i never finished my room omg thatâ€™s why iâ€™m unhappy rn hahaha and now that iâ€™ve become aâ€¦ https://t.co/offlAnWIfC,grabbiehannda,,,
positive,RT @YashwantSinha: Modi thinks the foreign media will also behave like the godi media in India. First time he is facing criticism from it fâ€¦,pmg987,,,
positive,"RT @andersleijersta: It is not looking good for Macron! \n\nThe French public support an incendiary open letter warning of \civil war\"" and miâ€¦""",jpinckston,,,
positive,RT @YashwantSinha: Modi thinks the foreign media will also behave like the godi media in India. First time he is facing criticism from it fâ€¦,Kawal654,,,
negative,RT @MailSport: Man United's largest sponsor Adidas unhappy with club over falling shirt sales https://t.co/IJAdgNOXQD,Lawrence_KC,,,
positive,RT @YashwantSinha: Modi thinks the foreign media will also behave like the godi media in India. First time he is facing criticism from it fâ€¦,sharmaanup123,,,
negative,RT @MINSUGAHQ: ğŸ‘¤+ and people abroad wait in line to receive surgery from him. \n\n* the doctor also joked he was afraid that ARMYs all aroundâ€¦,sugatakemymoney,,,
positive,"RT @GillianPaters14: @Dr2NisreenAlwan If a person makes you more unhappy than happy, cut them loose. Iâ€™m talking kindness, caring, wantingâ€¦",DudeSigmund,,,
neutral,ãã®ä»–æ±‚ã‚ã¦ã„ã‚‹ã‚‚ã®ğŸ’–&gt;ğŸ’• https://t.co/G7hSfArSGS,mmm_shh_UNHAPPY,,,
negative,"@Zizezkianism Karnataka will also be slipping from their hand , people are unhappy with the governance especially the poor",nero_lowkey,,,
negative,"If you are ever unhappy, I would like to help . https://t.co/k4bzeazrL5",DAMAGEDIDOL,,,
neutral,"RT @Mayham_H: Selvi Zuranci, the make up artist who worked in Hercai in the beginning of season 3 said:\n\We never saw AkÄ±n harm anyone. Heâ€¦""",hercai_lover_,,,
positive,RT @YashwantSinha: Modi thinks the foreign media will also behave like the godi media in India. First time he is facing criticism from it fâ€¦,Karanhema2012,,,
negative,"RT @Fact: Research shows that being continuously sleep-deprived makes you dumb, irritable, distracted, unhappy, and fat.",iamthegoodfella,,,
positive,RT @_hxsnx_: ALHAMDULILLAH for the roof we have over our heads...\n\nFor the food we have for iftar. \n\nFor the clean water we have to quenchâ€¦,_hxsnx_,,,
positive,RT @Mr_Friend_Zone: Sometimes itâ€™s more important to get to where your buddy wants to get to then to eat. \n\nIâ€™ll give up a restaurant mealâ€¦,TheHumanBot12,,,
neutral,"RT @aasif: ğŸ‡®ğŸ‡³ @WCKitchen has started deliveries to hospitals in Mumbai, India! They'll be distributing meals 7 days a week in overcrowded hâ€¦",svensson_ida,,,
neutral,Napapaisip na tuloy ako Kung dapat ko na un-install food panda.\nNagiging gutumin ako masyado ğŸ˜‚ğŸ˜‚,JodelynLipata,,,
neutral,Itâ€™s been two months since I had any street food I want to |]!â‚¬,nhandpotatoes,,,
neutral,"@FOOD_FESS Download tiktok lite di playstore, trs daftar, trs masukin kode ini A9207749669. Nanti dapet koin 100rbâ€¦ https://t.co/zWnCfTUJyu",Calanghee,,,
neutral,"RT @NRC_Egeland: It's 6 months today since conflict in Tigray, Ethiopia, broke out. \n\nViolence has displaced 1 million. \n62,000 refugees.â€¦",MatGeorgis,,,
neutral,"RT @YourAnonNewsESP: (2) The government plans to create a strategy to block roads to prevent food from entering cities such as Cali, Medellâ€¦",LARGOLEITER,,,
positive,"RT @ezraklein: So earlier today, in a thread about why it's great that Eleven Madison Park is going plant-based, I said being vegan comes aâ€¦",cjcorliss,,,
positive,RT @ThalaivarVeriy8: #à®…à®®à¯à®®à®¾à®‰à®£à®µà®•à®®à¯à®•à®¾à®ªà¯à®ªà¯‹à®®à¯\n\nJob opportunities for thousands of women\nHigh quality food for very cheap prices\nMillions of peoâ€¦,Ashwin_AIADMK,,,
neutral,The U.K with the support of the U.S illegally retains 31 tons of gold belonging to VENEZUELA valued at more than onâ€¦ https://t.co/lLB0thaYZQ,PrincesaRaza,,,
positive,"Happy Birthday Trisha Mam lot of love ğŸ¤—ğŸ˜˜ @trishtrashers \nDistribution of food to the poor people in Mylapore, Chennâ€¦ https://t.co/xNknI1BIJY",PoornimaTrisha,,,
neutral,The U.K with the support of the U.S illegally retains 31 tons of gold belonging to VENEZUELA valued at more than onâ€¦ https://t.co/VSAta3h7On,PrincesaRaza,,,
neutral,The U.K with the support of the U.S illegally retains 31 tons of gold belonging to VENEZUELA valued at more than onâ€¦ https://t.co/z8dhkJTOe0,PrincesaRaza,,,
neutral,The U.K with the support of the U.S illegally retains 31 tons of gold belonging to VENEZUELA valued at more than onâ€¦ https://t.co/CYNJ2668IG,PrincesaRaza,,,
neutral,The U.K with the support of the U.S illegally retains 31 tons of gold belonging to VENEZUELA valued at more than onâ€¦ https://t.co/AeNhZ28NFm,PrincesaRaza,,,
neutral,The U.K with the support of the U.S illegally retains 31 tons of gold belonging to VENEZUELA valued at more than onâ€¦ https://t.co/ON5TC1z1PT,PrincesaRaza,,,
neutral,Going to fill Phoenix with lots of food today because his jabs are at 4:00pm which is just before dinner time so ifâ€¦ https://t.co/qTr5IAcs6q,Her_EvilQueen,,,
positive,The Kenya Bureau of Standards has adopted five new standards to boost the safety and quality of food additives in tâ€¦ https://t.co/TaWL4zRmCu,OliverMathenge,,,
positive,"RT @AsianetNewsEN: WATCH: Inside a new #Covid19 facility in Koramangala, #Bengaluru - arranged by UN-affiliated international non-profit Unâ€¦",krsnaaaaaa,,,
positive,RT @ghiblipicture: Food in Ghibli looks so good https://t.co/hcUSnijXFr,dynaquits,,,
negative,Kidding on we donâ€™t like the food no more to save the walk of shame ğŸ˜‚,rossgreig1,,,
positive,Last night @KaylowOfficial handled the ğŸ¶ entertainment for an intimate dinner party reintroducing @BisquitAfrica asâ€¦ https://t.co/aioFrXAofA,DumaCollective,,,
neutral,RT @Steve54712762: @Ottojizzmark @cazzacaz63 And how upset and peed orf did the government get when UNICEF were caught feeding starving chiâ€¦,cernusson,,,
neutral,"RT @ETRetail: FMCG cos not looking at price hikes amid fragile demand: Mayank Shah, Parle #Fmcg #Demand #ParleFmcgCompanies #ParleProductsâ€¦",FoodmfgUK,,,
neutral,33. cw // food https://t.co/UEVEfqHDw2,bearsinar,,,
neutral,@Rachel_Raine_ That's deep. Food for thought.\nThank you!,EmmyBenedict1,,,
positive,Aaaand the whole squad together \nDrawing weird cartoonish food is my special pleasure https://t.co/rM1t5wGaOJ,yurich_draws,,,
neutral,RT @animexvisual: Anime food. https://t.co/QEJvIEa9M4,cathchuuu,,,
negative,RT @nazirafzal: Remember how we were rightly disgusted by corrupt developing countries with leaders\nWho enrich themselves\nHave gaudy decorâ€¦,OzzyEyre,,,
negative,"@RedRadiantRuby @GrissRiv @lulashotmailcom @VP And its not  about being Mr knowledge , even the most stupid human bâ€¦ https://t.co/mMNGqy1YQe",TonyQuijano6,,,
neutral,https://t.co/yllJyjaO5I,food_forensics,,,
negative,"RT @TheWiseMogul: @Rich_Cooper Every broken relationship for a woman is like a scar on her mind. \n\nThis is because, in the ancestral past,â€¦",ab8708,,,
positive,"RT @kluhkierra: y'all told fast food workers that their jobs were for teenagers and that if they wanted a livable wage, they should quit anâ€¦",harleyhilfiger,,,
positive,RT @pb07cheema: High Spirits against Cheap ego!\n\nNo Farmer No Food!\n#à¤•à¥ƒà¤·à¤¿_à¤•à¤¾à¤¨à¥‚à¤¨_à¤°à¤¦à¥à¤¦_à¤•à¤°à¤¨à¥‡_à¤ªà¤¡à¤¼à¥‡à¤‚à¤—à¥‡ https://t.co/DvEYfP7YSY,Harpree35352180,,,
positive,"Pleased to announce that:\nThe Head of Division of Agriculture &amp; Food Security at the African Union (AU),â€¦ https://t.co/5ILySo5NG0",ThankGod_Ebenez,,,
positive,"RT @maha_tourism: Traditional Maharashtrian Dal recipe - slightly sweet, slightly sour and full of flavour! A bowl of amti with some plainâ€¦",mrAviPatidar10,,,
neutral,"RT @YourAnonNewsESP: (2) The government plans to create a strategy to block roads to prevent food from entering cities such as Cali, Medellâ€¦",itsmfgr_,,,
neutral,"RT @piargh: even panadol pun ada orang alergik teruk, kenapa kita tak banned je panadol? sama je konsep nya. takyah nak buat vaksin macam râ€¦",feet3_330,,,
positive,"@kate_degerdon I'll vote for starmer... On the day that Accrington Stanley wins the champions league, on the day thâ€¦ https://t.co/v4ALSy2UMw",JohnQuinlan,,,
neutral,@legendhari1 no come my side if you no carry food,signor_martini,,,
neutral,RT @FeministasBu: #Feministas denuncian a esta caravana ubicada en  #Zaragoza promovida por la entidad antiabortista RedMadre.\n\nCon performâ€¦,rubitaharta,,,
neutral,dems can not be what Food Production or CDW Corporation have.,trumpeter_bot,,,
negative,"RT @Ezrazzzz: Rare blood clot sebab vaccine takut, makan fatty food, oily food hariÂ² yg boleh cause atherosclerosis tak takut. Tu lg commonâ€¦",AimanKhadari,,,
negative,real friends make u food when youâ€™re fucked up ğŸ˜¹ğŸ˜¹ shout out my bro for making a Jamaican patty  for me at 3am real brother shit ğŸ˜­ğŸ˜‚ğŸ˜‚,avgeldvst,,,
positive,TEDxMasala - Dr Vandana Shiva - Solutions to the food and ecological cri... https://t.co/VdZxjd2V4P via @YouTube,parekh_time,,,
positive,Thanks @LincolnshireCF for helping provide funds for this project. Willingness to try and to consume veg at this agâ€¦ https://t.co/KhlZQ07xlD,tastedfeed,,,
negative,would it be weird if i ate cat food to go to sleep?,346nya_bot,,,
positive,"RT @loverbythesea: @Hi_Goldenness [TRANS] Hello Goldenness, congrats on being 3!!Itâ€™s been 3 years already. Thank you for always supportingâ€¦",joojjyanim,,,
neutral,@tripureshwari1 What about food picsğŸ˜¬,_Lisa_Supremacy,,,
positive,"Happening now: It's on!\n@Barbara55688197 and @MurugiJ attending, 'Becoming The PLEDGEâ„¢ on FOOD WASTE' \nğŸ’ƒğŸ’ƒâ€¦ https://t.co/vF7pYMrXnm",tierranjani,,,
neutral,"RT @komaljb: What about majority of our population who cannot send ğŸ†˜, who have no friends to amplify messages, who donâ€™t have money to getâ€¦",StrivingHuman,,,
negative,#TigrayGenocide Six months today \n\nâƒ70K CIVILIANS KILLED\nâƒ2.3M CHILDREN NEEDING ASSISTANCE\nâƒ4.5M IN DIRE NEED OF EMâ€¦ https://t.co/PXiJquD8Ma,zittokabwe,,,
negative,"RT @TheWeeklyBull: Given the huge housing crisis, it seems insane that this building, seen today, is still vacant 3 years after @streetskitâ€¦",SenseiChanning,,,
positive,RT @ClubDaphnia: ã‚¯ãƒ©ãƒ–ãƒ€ãƒ•ãƒ‹ã‚¢æ—©ãã‚‚2å‘¨å¹´ï¼ï¼\n5/15(SAT)ã«å‘¨å¹´ãƒ‘ãƒ¼ãƒ†ã‚£ã‚„ã‚Šã¾ã™ï¼\nã¾ã ã¾ã è‹¥ã„åº—ã§ã™ãŒç¥ã„ã«æ¥ã¦ãã ã•ã„ï¼ã‚ˆã‚ã—ããŠé¡˜ã„ã—ã¾ã™ï¼ï¼\n\nLive&amp;DJ\nBING\nDJ NOBI\nSobriety\nTorei\nYPY\n \nVFX\ncatcâ€¦,osakawise,,,
positive,RT @the_mpr: #à®…à®®à¯à®®à®¾à®‰à®£à®µà®•à®®à¯à®•à®¾à®ªà¯à®ªà¯‹à®®à¯\n\nJob opportunities for thousands of women\nHigh quality food for very cheap prices\nMillions of people(studâ€¦,Rajiv81157274,,,
neutral,RT @animescenario: Anime food details https://t.co/rW88fMxSKT,tkzvvvvv,,,
positive,"RT @zakrirezwan: Hi guys, memandangkan ramai yg suggest for selling new food, for this week, im taking order for our new homemade strawberrâ€¦",rmzznddn,,,
positive,"Kirby has to save his food for later, he's on a busy scheduele!.",kirbyplotbot,,,
positive,"RT @ssnpa1: #VIZAG FREE FOOD SERVICE\nSruthi Meals Service.\n9154023674, 6301636821\nOnly LUNCH Free of Cost.\nNo calls .\nOnly Text them in whaâ€¦",phy626,,,
positive,"RT @corpbizhq: FSSAI registration - Basic , State , Central now Easy as not like before . \nWhy wait to start food business in Mumbai ??\nConâ€¦",tanniyasingh,,,
negative,hey! I donâ€™t know who needs to hear this but...buy that fucking food and EAT IT YOU DESERVE IT,graceshiim,,,
positive,"RT @kluhkierra: y'all told fast food workers that their jobs were for teenagers and that if they wanted a livable wage, they should quit anâ€¦",dawndrell,,,
neutral,"RT @303lasagna: A camp of 400 residents is getting swept this week, come do some community care!\n\nBring/make food to 14th &amp; Logan @ 3:30 &amp;â€¦",Im_Magdalene,,,
neutral,"@AlexandraJAlva4 @daviddomingosa2 Si, en eso estuve metido hace algun tiempo, big food es otro factor a tener en cuenta seguro.",ignatiuskdick,,,
neutral,RT @milkbobae: [NSFW warning] wifeluc for udon!!! ğŸ˜˜ you deserve food on your birthdayğŸ‚ğŸ’“\n \nhttps://t.co/lYs6ULDlZ2 https://t.co/bgXmJBMI1q,aneovi_,,,
negative,Too tired after eating ...bed tym n too hungry after waking up...food tym again ..!!!! \nChala alsipothuna ğŸ˜‚,GundaSreelekha,,,
neutral,#Bitcoin is Brain Food\nğŸ§ ğŸ§ ğŸ§ ,CuredSausage,,,
negative,"&gt; he instructed brgy captains to give food in secret\nParang Secret Santanas, ganern?\n\nSo ang dudumugin ng mga tao,â€¦ https://t.co/PYr64ZLyG4",HeySyao,,,
positive,RT @coaimpaul: Confirmation that a new Royal yacht costing at Â£200 million is to be commissioned â€˜within weeksâ€™. 14m people in UK are livinâ€¦,StecEng22,,,
neutral,Although I knew he had #Corona I had no idea Saenchai had been hospitalised by it. ğŸ˜²\nFood for thought if it can briâ€¦ https://t.co/DTO971D53K,mickhowarth,,,
neutral,"@Iam_Mubility They are an agent of the elite, so they can be tracked to be given food and arms supplies but cannotâ€¦ https://t.co/X0UC0Tz6CE",AdamZubyr,,,
positive,"Regulatory changes, food fraud and the ongoing effects of COVID-19 are the primary causes of supply chain disruptioâ€¦ https://t.co/ShnfztKf0l",HyperHygiene,,,
positive,RT @ChloeStrk: Pourquoi on a pas de @Wendys en France? Câ€™est tellement le meilleur fast food ğŸ˜Œ,emeline_rs,,,
neutral,RT @karume____: Please give my mom all your catering gigs. She makes bombass food https://t.co/1JNynKxnRt,arnoldbush,,,
neutral,"RT @CartwheelPrint: â€˜control of local food production by local people, agroecology, and farming systems that respect nature.â€™ #auspol",GMWatch,,,
positive,RT @thatEsselguy: Imagine your waakye plug dey take this water prepare the food\nAre we safe??? Chale #FixTheCountry https://t.co/BvB8t4QR8v,anangrhoda,,,
negative,"RT @Ezrazzzz: Rare blood clot sebab vaccine takut, makan fatty food, oily food hariÂ² yg boleh cause atherosclerosis tak takut. Tu lg commonâ€¦",misturGob,,,
neutral,@food_porn17 SÃ³ queria ter paciÃªncia para fazer a massa,mohamed_marta,,,
positive,"RT @Sani__UtD: Eating the Same Food for 27years? Bill Gate really try cos after 2 Weeks, I wana flip the MenuğŸ˜¬ğŸ˜¬ğŸƒğŸ»â€â™‚ï¸ğŸ”¥",UglySoul__,,,
neutral,"@TeniEntertainer Enu gbe ooooo MağŸ˜“ğŸ˜“ğŸ˜“, just a token inorder for me to get food on the table for my mum and sistersğŸ™ğŸ™â€¦ https://t.co/AFrs7Za5P7",jimohidowu97,,,
positive,"@thbhugs i'm  good,  sitting   on  the  floor   because   i  can't  sit  anywhere else (literally)  and  i'm  gonnaâ€¦ https://t.co/fw2rDYGlQu",404vlogs,,,
negative,RT @JasonClareMP: There is Rent Crisis is Regional Australia.  \n\nIn Cooma itâ€™s really bad. Almost nothing to rent and rents are going throuâ€¦,008moonside,,,
negative,RT @PabloRochat: 1.5 hours left to bid on my Fried Chicken Dog on @withFND ğŸš¨ğŸ¶ğŸš¨https://t.co/mliI98WvS7 https://t.co/k8flGNYd2P,mobyuz,,,
neutral,The vastness that is country pub food. Yikes. https://t.co/ynkfwXNijJ,Monocotyledon,,,
neutral,RT @BritishSave: ğŸ‘‰Meat and seafood paying highest price for Brexit deal. Pressure  growing to lighten paperwork.\n\nğŸ‘‰ ğŸ‡©ğŸ‡ª biz used to ğŸ‡¬ğŸ‡§ supplâ€¦,jimmytheplant,,,
positive,RT @the_mpr: #à®…à®®à¯à®®à®¾à®‰à®£à®µà®•à®®à¯à®•à®¾à®ªà¯à®ªà¯‹à®®à¯\n\nJob opportunities for thousands of women\nHigh quality food for very cheap prices\nMillions of people(studâ€¦,deltavendhan8,,,
positive,"RT @Bunny_danikkkk: Ooohhh wait, when actor kang daniel is finally confirmed, danity then have to save more money for sending food trucks oâ€¦",hanamymie,,,
neutral,@Taurusbtch_ Phish food by ben and jerry,baby_hydra,,,
positive,"@NBCNews please retweet. Mauritania is facing acute humanitarian needs, including high levels of food insecurity (oâ€¦ https://t.co/oRVohI5yTN",emozik,,,
neutral,"RT @DublinLive: With all the talk about May 10, you may have forgotten that some big changes are happening today too\nhttps://t.co/hw4Q7TAgbj",Eire353,,,
negative,@WafflesAndTitz Iâ€™m watching little kids fuck up making them joints on the food network right now ğŸ˜‚,JakeManUP,,,
positive,"I'd hype up a stripper like I was at a baseball game.\n\n\Yeah Stardust! Shake that beautiful ass &amp; get that bag! Wooâ€¦ https://t.co/Rsvvc0ifKy""",Al_Burrito_,,,
positive,"@TAEYONlE I know, right! I had a really fun time (and donâ€™t forget the delicious food) the last time I visited, itâ€™â€¦ https://t.co/Y2kqECxJw1",Sejreongie,,,
negative,"RT @abelofearth: I work at a grocery store in dc that had a power outage for a few hours earlier, so we are throwing out alot of food. If aâ€¦",EmojiPapi,,,
positive,RT @JoshLachkovic: Hear me explain all about @thewinelist_uk &amp; By The Glass on the excellent @hoxtonradio food and drink show.\n\nWith @theprâ€¦,thewinelist_uk,,,
neutral,On Thursday 6 May at 5pm CEST the Catalyst 2030 Food Security &amp; Agriculture group will discuss the relationship betâ€¦ https://t.co/K366AOJfkO,wasafiriconsult,,,
negative,RT @thabiso_25: What does this mean when you dream about your ex and thereâ€™s food ?,Thato_Rachidi,,,
neutral,RT @milkbobae: [NSFW warning] wifeluc for udon!!! ğŸ˜˜ you deserve food on your birthdayğŸ‚ğŸ’“\n \nhttps://t.co/lYs6ULDlZ2 https://t.co/bgXmJBMI1q,s___c88,,,
positive,"@NPR please retweet. Mauritania is facing acute humanitarian needs, including high levels of food insecurity (overâ€¦ https://t.co/6rxESyQUos",emozik,,,
positive,@klwzn yeah donâ€™t worry about it ^^ good luck with school!,rurusaysstuff,,,
negative,Without connection your days in school will be waste #FixTheCountry #FixGhana #BlackTuesday,_sabiboi,,,
negative,"RT @odoridango: thank you @/tinuvhiel for helping to fuel this impromptu gofushi!! \n\nEmpty Honors\ngofushi, 4k+, G\n\n- megumi graduates fromâ€¦",kcmunguia,,,
positive,RT @MarkMeadows: There needs to be a full investigation of the CDC over letting teachersâ€™ unions orchestrate anti-science school closures.â€¦,glorod3,,,
neutral,i miss school for two days and it feels like i skipped one season of a kdrama,changm1ns,,,
neutral,@tewarilalit1 @goelgauravbjp @TwitterIndia @KanganaTeam @Twitter That's why one need to go to school.,HrushX,,,
positive,French is already a living hell for non binary people and the gouvernment litterally wants to ban gender-inclusiveâ€¦ https://t.co/uSZbD7MEbZ,xTerra_Madre,,,
positive,People need to stop pushing the Gojo wasn't a good *parental* figure for Megumi growing up lol he was literally a hâ€¦ https://t.co/6Ez0BdhRgC,ObiwanChanObie,,,
positive,"weee:kloud ğŸ“‚\n : EP.30 Follow us to the showcase, Catch up!\nTodayâ€™s video is about our first activity at March 17thâ€¦ https://t.co/I4ovW1l1jq",jihawnie,,,
neutral,"RT @mguyethebe_: O tlogele R30 ko ntlong o re o tlo reka sphatlho ka yona after school, o kreye â€œlife after matricâ€ a rekile data ka yonağŸ˜­ğŸ˜­â€¦",SamL17401277,,,
negative,JIHAN MC!!! ğŸ§¡ it's so bad that I'm at school rn and I'm not gonna watch  T-T https://t.co/QvESfeRuAK,haui_im,,,
neutral,RT @coinbase: Tether (USDT) is launching at https://t.co/bCG11KMQ6s and in the iOS and Android apps within the next 15 minutes. You may neeâ€¦,Kiliman_School,,,
positive,(2 of 2)...'well attended career fair and interactive activities across the whole school which was really great.\n\nTâ€¦ https://t.co/YsPXFNaoRE,careerconedu,,,
positive,RT @SoumyajitWrites: BJP even lost in Dilip Ghoshâ€™s booth. He voted in Kuliana Jr High School in Gopiballavpur-2. His house is in that areaâ€¦,katizzcool,,,
negative,"RT @gufydox: If someone had told me film production is an expensive career before you are set up, then I would have just enrolled for Med sâ€¦",maktejah_,,,
neutral,RT @PHE_uk: The latest round of our Schools Infection Survey (SIS) suggests a reduction in the percentage of secondary school pupils and stâ€¦,PerthshireMags,,,
negative,Yangon: Students from No.(2) High School Mingaladon condemning &amp; rejecting Education under Military Regime. One plaâ€¦ https://t.co/uKBGZaPHke,YaminAu42936995,,,
negative,RT @gyaigyimii: All Black Tomorrow To Work and School. #BlackTuesday,i_am_gkd1,,,
neutral,RT @maraorozco21: yo: fvck school\n\nyo tambn: *entrega todo*,leo_cubos,,,
negative,RT @gabrieloguda: The guy who teargassed children of poor people who refused to let him grab their school land is coming up with an economiâ€¦,Lenard76792874,,,
neutral,RT @Itz_Kwakwa: School resumes today and none of my students are yet in school. I went around and I was told some have gone for fishing othâ€¦,DJSammyTugah,,,
neutral,"Way to go, Rabia! School him. \n#thedrum",JL_Whitaker,,,
positive,ISRO Offers Free Online Courses on Space Technology for School Teachers that Can be Completed in Five Days\n read moâ€¦ https://t.co/lU0FsHENbr,ulektznews,,,
neutral,"@ThumbGuardsNZ @HedgeBuddies ğŸ˜‚ mind you I was up at 6.30 this morning, couldn't sleep so dropped a parcel off at myâ€¦ https://t.co/i8PfB7brI8",NaturaEmporium,,,
positive,"RT @itsafronomics: When we talk about why becoming a billionaire shouldn't be a thing, this is what we mean. \n\nA divorce should not determiâ€¦",thedewjosh,,,
neutral,Someone pls bring me on a date during rayaâ€™s school holidayğŸ˜­My deadass felt jealous auğŸ˜­ğŸ˜­ğŸ˜­,babyjudyyy,,,
neutral,"RT @wonuloml: â€œi miss scoupsâ€ â€œi miss jeonghanâ€ â€œi miss joshuaâ€ â€œi miss junâ€ â€œi miss hoshiâ€ \i miss wonwoo\"" \""i miss woozi\"" \""i miss the8\"" \""iâ€¦""",victoriapscdr,,,
negative,"RT @gyaigyimii: We are wearing Black Tomorrow for Ghana ğŸ‡¬ğŸ‡­ğŸ‡¬ğŸ‡­. Wear black to school, work, town. All black for Ghana ğŸ–¤ğŸ–¤#FixTheCountry",odoteye,,,
neutral,"RT @wick_22: So like, crowded school classrooms and the like? #vaccinateteachers #COVID19AB #COVIDisAirborne #essentialworkers",belairek,,,
neutral,@miriamszalata @bosmana @WaVerbrugghe Ik weet niet of die vraag gesteld is. Die mevrouw zegt weet het niet. Weet zeâ€¦ https://t.co/oSj2JIeFlY,LMijjer,,,
negative,RT @preshdeyforyou: I say â€œfuck schoolâ€ then finish my assignments quickly cause Iâ€™m afraid of failure ğŸ˜­ğŸ¤£,notmenomore_,,,
negative,RT @preshdeyforyou: I say â€œfuck schoolâ€ then finish my assignments quickly cause Iâ€™m afraid of failure ğŸ˜­ğŸ¤£,SkyyKaylaa,,,
positive,"RT @netballni: Alert ğŸš¨ New coach education and development programmeâ—ï¸For school teachers, club or community netball coaches working with câ€¦",ACoachcarter,,,
positive,RT @iaindocherty: Shining star: Royal Conservatoire of Scotland named third best performing arts school in the world | HeraldScotland httpsâ€¦,Clamjamfried,,,
neutral,i'll be ia the rest of the day cause of school acts and health reasons :( bye,PR0DMIN,,,
positive,RT @AnaMardoll: I genuinely believe a lot of our school system is designed to break children in for capitalism.,LiamKillingly,,,
neutral,RT @GabbyDarko: I miss the NDC in power. Those times when every year petrol prices went up by 25%. When electricity &amp; water prices also didâ€¦,ghudskulkid,,,
positive,RT @thetaeprint: [TRANS] Taehyungâ€™s name was used as an example in problem solving questions in an elementary school math workbook \n\nQ1. Taâ€¦,kthflwry,,,
negative,school sucks,izZlino,,,
positive,@/FlyzFN_  is the dumbest clown ive seen hes legit the definition of 11 year olds who should focus on school more than fortnite omg,samisnice94,,,
positive,RT @YWCACanberra: ğŸ‘ğŸŒˆWow! Look at this collage the young people from our Charles Conder school age care service made! Thank you for sharingâ€¦,caseyhseabrook,,,
neutral,Someone from our school got covid but we still dont know if the school is closing or not.. ğŸ¤¥,DNIrinne,,,
negative,RT @preshdeyforyou: I say â€œfuck schoolâ€ then finish my assignments quickly cause Iâ€™m afraid of failure ğŸ˜­ğŸ¤£,alxmg_,,,
negative,RT @youaremylight19: à¸ªà¸§à¸±à¸ªà¸”à¸µà¸„à¹ˆà¸° à¸•à¸­à¸™à¸™à¸µà¹‰à¸à¸§à¸à¹€à¸£à¸²@lovelovebkpp à¸à¸³à¸¥à¸±à¸‡à¸—à¸³à¹à¸„à¸¡à¹€à¸›à¸à¹€à¸à¸µà¹ˆà¸¢à¸§à¸à¸±à¸šà¹‚à¸£à¸‡à¹€à¸£à¸µà¸¢à¸™à¸ªà¸­à¸™à¸„à¸™à¸•à¸²à¸šà¸­à¸• The Bangkok School for blind à¹€à¸£à¸²à¸ˆà¸°à¸™à¸³à¹€à¸‡à¸´à¸™à¹„â€¦,2001x_,,,
neutral,RT @Ste_gOsH930: Yuju in school uniformâ¤ https://t.co/sPYJSKHmT5,Johayo10,,,
neutral,RT @DrDani15: Are you a graduate student (any discipline) at school in the United States? Please consider following the attached link to coâ€¦,jkscientists,,,
neutral,school starts again next week so i have to go back tomorrow for 2 covid test bc i go to school in another countryğŸ¤™â€¦ https://t.co/p5NIrihVRx,joonswifeu10,,,
neutral,"RT @KrishSaluja91: We all know that 12th boards are not the only exam in life it is just a symbol that our school is over, so why govt is tâ€¦",Vikram68778936,,,
neutral,kaya gusto ko na din lumipat ng school baka madamay pag aaral ko at gusto ko ng grumaduate.,taenatubol,,,
negative,"RT @GerrySimpsonHRW: After 7 months of soldiers and fighters occupying or destroying schools &amp; health facilities in #Tigray, @SavetheChildrâ€¦",meleybh,,,
positive,@ChickenLickenSA That Taxi box was everything when we went to school trips yei it was very important,Thato_oh,,,
positive,"The military council charged a high school teacher from Hakha, Chin State with 505 (a) yesterday.â€¦ https://t.co/baJIQgMKmx",HtetHte74657826,,,
positive,@KatKitKaitlyn Welcome Kaitlyn! I started writing last year during quarantine. I am working on drafting &amp; revisingâ€¦ https://t.co/NysC1oZep3,ShannonDGile,,,
neutral,Animation movie 'The King of Pigs' by Dir. Yeon Sang Ho (Train To Busan; Peninsula) in plans to be made into a TVinâ€¦ https://t.co/fB9azSil5c,kdrama_news,,,
neutral,i need jihan and daehwi to do after school challenge,sproutwwoong,,,
positive,RT @OLMC_Innovation: Our first foray into #esports with @thefusecup today! We went down 2-1 in Rocket League to students from a school in Wâ€¦,Luke_DelaCruz,,,
negative,RT @gabrieloguda: The guy who teargassed children of poor people who refused to let him grab their school land is coming up with an economiâ€¦,Gringo42106495,,,
positive,"RT @HGold_author: ğŸŒŸGIVEAWAYğŸŒŸ\n\nJust Like Me by @OnceUponaLouise is a beautifully illustrated, inspiring MUST-HAVE book  &amp; I have one delicioâ€¦",BowenLlinos,,,
positive,"RT @DrSasa22222: I have another great meeting with Hon. Thomas . H. Andrews, UN Special Rapporteur on Human Rights situations in Myanmar, Uâ€¦",SaungLei,,,
positive,"Paper strike in Depayin,Sagaing protest against Non-CDM teachers in Marakan Ingyinpin High School and Salvery Educaâ€¦ https://t.co/ThlojZ9HO5",AyeMyoThet,,,
positive,"RT @AutumnThet: This gives me chills!\n\nOur next generation, giving a powerful speech to civilians to keep holding onto CDM. \n\nShe is sayingâ€¦",HtetZaw_HZ,,,
positive,"RT @vinodkapri: Blocked my school friend from 32 yrs on whatâ€™s app ,who is shamelessly advocating &amp; justifying mass murders of more thn 2 lâ€¦",Hometutor365,,,
neutral,@saym_sheikh waarom draag je een apen onesie OP SCHOOL is de vraag,okb0kgotunesok,,,
negative,RT @NathanJRobinson: Love that the New York Post implies itâ€™s a bad thing if teachers have input into school reopening policy. God forbid wâ€¦,CooperDoyle1,,,
neutral,RT @tohyamagrunge: ãƒªã‚¹ã‚­ãƒ¼ãªç”Ÿæ”¾é€ã«ãªã‚Šãã†ã ãªã“ã‚Šã‚ƒ\n\nä½•ã‹ã‚ã£ãŸã‚‰å…¨åŠ›ã§ä¿ºã¯çŸ¥ã‚‰ãªã„ãƒ•ãƒªã€å…¨è²¬ä»»ã‚’ãƒã‚¶ãƒã«æŠ¼ã—ä»˜ã‘ã‚‹ã®ã§ã‚ˆã‚ã—ãï¼\nã˜ã‚ƒã‚ä»Šé€±é‡‘æ›œ23æ™‚ã€TOKYO FMç³»åˆ—å…¨å›½38å±€ãƒãƒƒãƒˆã€SCHOOL OF LOCKï¼æ•™è‚²å§”å“¡ä¼šã€ã§å¾…ã¡åˆã‚ã›ï¼è©³ç´°ã¯â€¦,khira_ub,,,
neutral,RT @Weeekly_Global: ğŸ‰ @_Weeekly's â€˜After Schoolâ€™ MV hits 44 Million views on YouTube ğŸ‘ğŸŠ\n\nğŸ”— https://t.co/U7q5kLkgew\n\n#Weeekly #ìœ„í´ë¦¬\n#ì´ìˆ˜ì§„ #ë¨¼ë°ì´â€¦,kktrere,,,
negative,RT @preshdeyforyou: I say â€œfuck schoolâ€ then finish my assignments quickly cause Iâ€™m afraid of failure ğŸ˜­ğŸ¤£,opeyemi__OG,,,
neutral,@kaeleneak Referees don't have to be from paid employment.  If you've been involved with community or school voluntâ€¦ https://t.co/KWChwrk3X6,EurekaJustice,,,
positive,RT @LoveLive_staff: ã€ğŸŒˆ#è™¹ãƒ¶å’²ğŸŒˆã€‘\nã€Œãƒ©ãƒ–ãƒ©ã‚¤ãƒ–ï¼è™¹ãƒ¶å’²å­¦åœ’ã‚¹ã‚¯ãƒ¼ãƒ«ã‚¢ã‚¤ãƒ‰ãƒ«åŒå¥½ä¼š 3rd Live! School Idol Festival ï½å¤¢ã®å§‹ã¾ã‚Šï½ã€ã¾ã§\n\nâœ¨ã‚ã¨ï¼”æ—¥âœ¨\n\nå¤©ç‹å¯ºç’ƒå¥ˆå½¹ãƒ»ç”°ä¸­ã¡ãˆç¾ã‹ã‚‰ãƒ¡ãƒƒã‚»ãƒ¼ã‚¸ğŸ’•\n\n#è™¹ãƒ¶å’²3rdLiveå¿œæ´â€¦,Ogw_rky19,,,
negative,"RT @gyaigyimii: We are wearing Black Tomorrow for Ghana ğŸ‡¬ğŸ‡­ğŸ‡¬ğŸ‡­. Wear black to school, work, town. All black for Ghana ğŸ–¤ğŸ–¤#FixTheCountry",SirCharles110,,,
positive,@Vintagedrummer7 So that explains why the milk at school was always warm! ğŸ¤¢ğŸ¤®,daisymay4263,,,
positive,RT @S0LITAIREBUR: anyone else feel super stressed from school but they know they are just causing it themselves by procrastinating and goinâ€¦,VulpixCipher,,,
neutral,Mr Parker also wholeheartedly thanked the current leadership team for their contribution to the school [pictured].â€¦ https://t.co/OGHHBMYB33,KESSouthampton,,,
positive,RT @LlanmartinPrim: @sizeofwales - fabulous workshops in school this week!  Thank you so much! #ethical #informed #citizens,sizeofwales,,,
negative,@Nanirogue Heavy Comedy ra Last lo School,ramchowdaryanne,,,
negative,@Dendeweg @GentleBro95 Tony Jaa movies are the shit ğŸ‘Š\n\nornamental old school Muay Thai and Muay Boran\n\nhave you seeâ€¦ https://t.co/0N61oIJyIb,BongMuayThai,,,
positive,"In this morningâ€™s assembly Mr Parker, Head, announced the new student leadership team for the next academic year! Tâ€¦ https://t.co/bdNQ0kKJkB",KESSouthampton,,,
neutral,"RT @shaTIRED: I spent a lot of my life being told by family, ex friends, ex partners, school admin, etc. that I was too sensitive. Turns ouâ€¦",wareiskayla,,,
negative,@SWprimaryHT This is just awful. ğŸ˜¤ If you DM school address Iâ€™ll send some books through - need to show your childrâ€¦ https://t.co/PCP3lyAx81,authorAPT,,,
positive,"This week is Deaf Awareness Week, celebrated by everyone at school, particularly in Titans Class, part of our Heariâ€¦ https://t.co/LCtmLuTTCY",SladePrimarySch,,,
positive,RT @SoumyajitWrites: BJP even lost in Dilip Ghoshâ€™s booth. He voted in Kuliana Jr High School in Gopiballavpur-2. His house is in that areaâ€¦,CongressFans,,,
neutral,RT @RuthHartnoll: (4/6) His suggestions for his School of Copywriting staff makes me want to quit my job and join immediately. Ft. @VikkiRoâ€¦,Giles_Edwards,,,
negative,"Around 8:38 pm, Military terrorists violently beating a man near a school in #Tarmwe Tsp, #Yangon.\n#May2Coupâ€¦ https://t.co/DmvqoFRZhE",Koopsie1,,,
neutral,RT @dimitris_ballas: #Islands as Laboratories for #Sustainability\nThe case of #Lesvos #Greece\nA @FRW_RUG @univgroningen  &amp; @uaegean onlineâ€¦,FRW_RUG,,,
positive,ang ia ko pacynthia ang busy :(( school\n\n@SB19Official #SB19\n#DefrostSaFreezer two,stanningSB19,,,
negative,RT @preshdeyforyou: I say â€œfuck schoolâ€ then finish my assignments quickly cause Iâ€™m afraid of failure ğŸ˜­ğŸ¤£,amieizzati,,,
neutral,RT @iconickdramas: My law school student boyfriend &lt;3 https://t.co/lXvo39Fn7L,rgrnina,,,
negative,"@kayleighmcenany A School Teacher as well. It's truly sad, the thought this is reality now. Out of nowhere... It'sâ€¦ https://t.co/3Y9Qmo1DNb",BrianEasn,,,
positive,RT @wafaasulimann: School doesnâ€™t determine your success or intelligence and Iâ€™ll forever stand on that,9zobia,,,
positive,"RT @VenturaReport: \Don't push this ideology on children I'm not going to work in a district that's okay with that\"" Louisiana Teacher Jonatâ€¦""",ThePalaiologos,,,
positive,"@yuna1004_ Been long since we've seen her in school uniforms, she's adorable ğŸ¥º",candyjimim,,,
positive,"and for people whining about Oxford having multiple cities: pick the first one. I learned that in what, middle schoâ€¦ https://t.co/zUrY3Z7VVe",MatthewJRoth,,,
positive,@Mitsuriswife imma be the illiterate elementary school teacher https://t.co/kDQIa9Bu7S,peachysulay,,,
neutral,RT @kevintbailey: @kayleighmcenany The school district needs to fire her! Itâ€™s obvious she isnâ€™t educated enough to be a teacher.  ğŸ¤¦ğŸ»â€â™‚ï¸,cianciaru_,,,
positive,we all thought moot subject will be the most exciting subject in law school but nah....... CLOWN ON US ğŸ¤¡,eyyoitsjunie,,,
neutral,RT @Weeekly_Global: ğŸ‰ @_Weeekly's â€˜After Schoolâ€™ MV hits 44 Million views on YouTube ğŸ‘ğŸŠ\n\nğŸ”— https://t.co/U7q5kLkgew\n\n#Weeekly #ìœ„í´ë¦¬\n#ì´ìˆ˜ì§„ #ë¨¼ë°ì´â€¦,THEMD_CTK,,,
negative,RT @redgecoronado: WTF SCHOOL IS TOO DEPRESSING ğŸ˜ğŸ˜ğŸ˜ğŸ˜,oquer0s,,,
neutral,Imagine if they are my school friendsğŸ˜­ğŸ˜­ğŸ˜­ https://t.co/YEAk7L8FBb,puppyjakeey,,,
neutral,oim goig  to a school in america,chiyo29071200,,,
negative,@foosomeh Ahahahahahaa Iâ€™d be in school right now but I feel like crap today so yeah.,PieKie4,,,
neutral,RT @CaWalnutsIndia: A comforting bowl of dal and rice with the added goodness of walnuts not only soothes the soul but also provides essentâ€¦,VijayFreaks,,,
positive,"Kidd Waya was out there last night enjoying himself with the in-crowd and cafe society,sipping the best champagne aâ€¦ https://t.co/ZyVkpOWncS",mama_bomboy,,,
neutral,RT @CaWalnutsIndia: A comforting bowl of dal and rice with the added goodness of walnuts not only soothes the soul but also provides essentâ€¦,Vijay_S_Fanclub,,,
positive,RT @ongdongminn: remember when eunwoo donated 1m won to his univ so he can help his fellow students eat a proper meal at cheap price\n\ncha eâ€¦,Indianarohaot6,,,
neutral,RT @mcdonaldsindia: U decide which one is spicier on 6.04. Try both with the BTS Meal https://t.co/XbLikc4c3m,EuphoriaBTS97,,,
neutral,RT @McDonalds: u decide which one is spicier on 5.26. \ntry both with the BTS Meal https://t.co/x8X2BjA0Lc,FAIRYLILY4,,,
neutral,RT @mcdonaldsindia: U decide which one is spicier on 6.04. Try both with the BTS Meal https://t.co/XbLikc4c3m,ggoogiejams,,,
positive,"RT @forkeyus: Q. have you ever thought of having a meal with keyu? \n\nğŸ»: he's so busy, from day till night he's so busy\n\n#å‘¨æŸ¯å®‡ #å¥¥æ–¯å¡ https://tâ€¦",nakamotoeiei,,,
positive,RT @NjeriThorne: There's a restaurant in London where you eat and pay what you think the meal was worth. Would that work in KE?,faithcitts,,,
positive,With the release of new Sharples in 2023 comes new meal plans! Introducing the Special Skier III meal plan: 321 Meaâ€¦ https://t.co/RQlM8CcP0k,supermonkeybal6,,,
neutral,RT @mcdonaldspa: TÃº decides cuÃ¡l es mÃ¡s picante este 1 de junio. \nPrueba ambas con el BTS Meal. https://t.co/43HT9OTEE9,mochirm7,,,
neutral,@1st_meal ã‚¹ã‚«ãƒ”ä»˜ãã—ã‹å‹ãŸã‚“,1gwRpbF6FPr7k7p,,,
neutral,@McDonalds is the bts meal a one month promotion or?,virgokkyul,,,
positive,@MrJDScott Wow...I mean...I appreciate that they see dessert as an important part of the dinner experience and howâ€¦ https://t.co/ISh0cxNO7o,mikneleh,,,
positive,@Andrea62928413 You sound like a meal because a little higher smells of fish ğŸ ğŸ¤£ğŸ¤£,1968Adi_walters,,,
neutral,RT @McDonaldsCanada: u decide which one is spicier on 5.26.\ntry both with the BTS meal https://t.co/sx4j11B6bU,latifa613,,,
neutral,RT @McDonalds: u decide which one is spicier on 5.26. \ntry both with the BTS Meal https://t.co/x8X2BjA0Lc,ma_allainne,,,
neutral,RT @mcdonaldsindia: U decide which one is spicier on 6.04. Try both with the BTS Meal https://t.co/XbLikc4c3m,sleepindrugs,,,
neutral,RT @CaWalnutsIndia: A comforting bowl of dal and rice with the added goodness of walnuts not only soothes the soul but also provides essentâ€¦,StarTigerShroff,,,
neutral,RT @McDonaldsUAE: u decide which one is spicier on 01.06. \ntry both with the BTS Meal https://t.co/szeU3VPJdq,armygirl20074,,,
negative,RT @annestevens75: @ChrisA_425 That was mean. I described a dinner I was making a few days ago on Twitter and a guy asked if it was for theâ€¦,rick50security,,,
neutral,When I get off I just be wantin a meal and the head rub/nap combo  ğŸ˜‚,Kevo3k,,,
neutral,RT @sugacology: ğŸ—“ BTS SCHEDULE\n\nâ€¢ MAY 11 ã…¡ BRIT Awards\nâ€¢ MAY 16 ã…¡ Lotte Family Concert\nâ€¢ MAY 21 ã…¡ BTS comeback 'BUTTER'\nâ€¢ MAY 24 ã…¡ BBMAs 20â€¦,Cw2cVIpalgoMLKj,,,
negative,@Sacha_Lord Appalling! What the government have done to the hospitality industry is shameful. People can pile intoâ€¦ https://t.co/qOUVEcg6Ay,jamieuk88,,,
neutral,"@pizzahut I need someone to help, took my son to pizza hut in Glasgow and you have took 2 payments for our meal andâ€¦ https://t.co/BWhgYAEzKC",graemeb8787,,,
neutral,RT @DarAlBerSociety: Ø§Ø®ÙŠ Ø§Ù„Ù…ØªØ¨Ø±Ø¹ Ø§Ø®ØªÙŠ Ø§Ù„Ù…ØªØ¨Ø±Ø¹Ø© \n\nØ­Ù„ Ø§Ù„Ø«Ù„Ø« Ø§Ù„Ø£Ø®ÙŠØ± Ù…Ù† Ø±Ù…Ø¶Ø§Ù†ØŒ ÙˆÙÙŠ  Ø£Ø¹Ø¸Ù… Ø£ÙŠØ§Ù…  Ø§Ù„Ø³Ù†Ø© Ù†Ø¯Ø¹ÙˆÙƒÙ… Ø§Ù„Ù‰ Ù…Ø¶Ø§Ø¹ÙØ© Ø§Ù„Ø·Ø§Ø¹Ø§Øª ÙˆØªÙƒØ«ÙŠØ± Ø§Ù„Ø£Ø¬ÙˆØ± ÙˆØ§â€¦,zakasahil,,,
neutral,RT @TeamTarakTrust: Day 386 Of  Donate A Meal Campaign Our @TeamTarakTrust Vijayawada  \n Members Donated Meals To Needy . \n\n@tarak9999 â¤ï¸\n#â€¦,YGANESH76792578,,,
positive,@dojarabbit Oh!! That's nice!!\n\nNow let me ask you this:\n\ndid you ever consider that the Doctor may have been havinâ€¦ https://t.co/xzIZvRqGID,JoeyLexx,,,
neutral,"@AlfieIndra \we bought a meal deal in every city\"" is coming ain't it lads ğŸ˜‚""",blines99,,,
positive,"RT @forkeyus: Q. have you ever thought of having a meal with keyu? \n\nğŸ»: he's so busy, from day till night he's so busy\n\n#å‘¨æŸ¯å®‡ #å¥¥æ–¯å¡ https://tâ€¦",SpStSM95,,,
neutral,RT @xenvita_: Luchinini and their son having meal. https://t.co/FcJuf4WZwq,Idarrii,,,
positive,"Today's tip: remember to eat a nice meal and have fun. It's crucial that you enjoyed this for yourself, and to encoâ€¦ https://t.co/r3wvIPhuo0",arosuterikku,,,
positive,*Bangalore* *verified*\nAt 1:50 pm 04/05/21\n\n*NANDANA* *PALACE*\n\n*free* *meal* for covid patients \nOrder should be pâ€¦ https://t.co/2fsSVJ3BaB,AaminaA16,,,
positive,RT @shnij: &lt;BTS Schedule 5th May&gt;\nğŸ§ˆ00:00 CONCEPT CLIP\nğŸ“º@BTS_twt Special for Childrenâ€™s day \n14:00 Letâ€™s have a meal\n15:40 Take Care Of theâ€¦,shinedreamsmil1,,,
positive,"@RibblesdaleC You're forgiven, you know that!\n\nSunday 2nd. Actually went out for a meal to a local restaurant/pub and had a great time.",PreacherTango,,,
neutral,RT @McDonalds: u decide which one is spicier on 5.26. \ntry both with the BTS Meal https://t.co/x8X2BjA0Lc,karryl_febie,,,
positive,"RT @forkeyus: Q. have you ever thought of having a meal with keyu? \n\nğŸ»: he's so busy, from day till night he's so busy\n\n#å‘¨æŸ¯å®‡ #å¥¥æ–¯å¡ https://tâ€¦",jaybhobi,,,
positive,NEW FOR 2021: GYO meal kits! Choose from Stir Fry or Pasta Sauce. Postcode restricted to certain areas of S Brum. Eâ€¦ https://t.co/q5FLDAKLAr,TCV_Birmingham,,,
neutral,You never know when your last meal is,harishjangidd,,,
neutral,"RT @halalwiditt: Look at you. You have a roof over your head, youâ€™re fully clothed and you always have a meal at the end of the day. Youâ€™reâ€¦",yusufbigaman,,,
neutral,RT @McDonalds: u decide which one is spicier on 5.26. \ntry both with the BTS Meal https://t.co/x8X2BjA0Lc,BTS_loves_ramen,,,
neutral,RT @mcdonaldsindia: U decide which one is spicier on 6.04. Try both with the BTS Meal https://t.co/XbLikc4c3m,Joon_KookV,,,
neutral,RT @McDonalds: u decide which one is spicier on 5.26. \ntry both with the BTS Meal https://t.co/x8X2BjA0Lc,NCTZENS_WAYVZEN,,,
neutral,RT @McDonalds: u decide which one is spicier on 5.26. \ntry both with the BTS Meal https://t.co/x8X2BjA0Lc,btsyunnaya,,,
positive,RT @Longwood01: My wife died almost 7 years ago and Iâ€™ve done pretty well over the years. Tonight I made a really fantastic shrimp ğŸ¤ with lâ€¦,ashboiiiiiiii,,,
positive,"@sssubss Happy birthday my sunshine, my happiness, my favorite notification sejun oppağŸ˜˜ğŸ¥³ hope many success will comâ€¦ https://t.co/67yc4G116h",njunsejun,,,
neutral,RT @McDonalds: u decide which one is spicier on 5.26. \ntry both with the BTS Meal https://t.co/x8X2BjA0Lc,SunnyAn15,,,
negative,Today's meal was Vadicha sadham with Kadala curry and carrot beans poriyal. Another day with so much work as usualâ€¦ https://t.co/03wye33ZV3,KalathurFarm,,,
positive,@ItBosh @McDonaldsDENews In Deutschland heiÃŸt es auch Happy Meal,Mert43448888,,,
positive,"Filling up on nutrient-rich foods can help round out your diet, boost your cognitive function during this Ramadan;â€¦ https://t.co/nN15OQoYug",BM_pharma,,,
positive,Rob Lowe favorite meal at my shop are the carnitas tacos,JonnyStocks43,,,
neutral,RT @mcdonaldsindia: U decide which one is spicier on 6.04. Try both with the BTS Meal https://t.co/XbLikc4c3m,p_vadgal,,,
neutral,RT @minawidanina: I would do it for a Tesco meal deal tbh,9zobia,,,
positive,"RT @Richbrownboy: @dvassallo \Vomiting hurts more than any meal is good.\"" \n\n- the psychology of money""",Richbrownboy,,,
positive,"@BabySwimExpert We could only afford to spend two nights there, the first hotel I had ever stayed in, that was in 1â€¦ https://t.co/EDmJbM1wUS",AHumphries65,,,
positive,"RT @bakangizomart: Oh what a meal... \nVisit our village market to get this exotic cassava product. Made from the best of cassava, processedâ€¦",Obie_Auracle,,,
positive,"RT @forkeyus: Q. have you ever thought of having a meal with keyu? \n\nğŸ»: he's so busy, from day till night he's so busy\n\n#å‘¨æŸ¯å®‡ #å¥¥æ–¯å¡ https://tâ€¦",bxbynaive,,,
neutral,RT @McDonalds: u decide which one is spicier on 5.26. \ntry both with the BTS Meal https://t.co/x8X2BjA0Lc,nnndddkk,,,
positive,"@dvassallo \Vomiting hurts more than any meal is good.\"" \n\n- the psychology of money""",Richbrownboy,,,
positive,"RT @bakangizomart: Oh what a meal..\nVisit our village market to get this exotic cassava product. Made from the best of cassava, processed,â€¦",Obie_Auracle,,,
neutral,RT @McDonaldsCanada: u decide which one is spicier on 5.26.\ntry both with the BTS meal https://t.co/sx4j11B6bU,taebrownSuga,,,
neutral,RT @CaWalnutsIndia: A comforting bowl of dal and rice with the added goodness of walnuts not only soothes the soul but also provides essentâ€¦,FC_NargisFakhri,,,
positive,RT @NjeriThorne: There's a restaurant in London where you eat and pay what you think the meal was worth. Would that work in KE?,KSISI75091969,,,
neutral,RT @LumosNotNox: A friend in Germany ordered a cheese pizza &amp; requested their operator to send it before sunset because that was gonna be tâ€¦,AshirAhmed_,,,
neutral,RT @McDonalds: u decide which one is spicier on 5.26. \ntry both with the BTS Meal https://t.co/x8X2BjA0Lc,Lorith5,,,
negative,@GabbbarSingh For soreness of arm apply ice pack on injection site and for other side effects dolo 650 after everyâ€¦ https://t.co/cqN684Vr4s,TBraveheart,,,
positive,@DwainPipe69 @HornyJayne8 The most important meal of the day ğŸ˜‹,mrhorneyhubby,,,
neutral,RT @McDonalds: u decide which one is spicier on 5.26. \ntry both with the BTS Meal https://t.co/x8X2BjA0Lc,kirstinme,,,
positive,RT @Mr_Friend_Zone: Sometimes itâ€™s more important to get to where your buddy wants to get to then to eat. \n\nIâ€™ll give up a restaurant mealâ€¦,TheHumanBot12,,,
neutral,RT @mcdonaldsindia: U decide which one is spicier on 6.04. Try both with the BTS Meal https://t.co/XbLikc4c3m,himynameisinga,,,
neutral,RT @CaWalnutsIndia: A comforting bowl of dal and rice with the added goodness of walnuts not only soothes the soul but also provides essentâ€¦,ArjunK_FC,,,
neutral,RT @CaWalnutsIndia: A comforting bowl of dal and rice with the added goodness of walnuts not only soothes the soul but also provides essentâ€¦,Akshayholics,,,
neutral,RT @mcdonaldsindia: U decide which one is spicier on 6.04. Try both with the BTS Meal https://t.co/XbLikc4c3m,dream_bts613,,,
neutral,RT @thegame: I remember a time when I had $26 to my name &amp; was scared to spend it. Didnâ€™t know where the next meal was coming from. Slept iâ€¦,Sonia_TMC,,,
neutral,RT @mcdonaldsindia: U decide which one is spicier on 6.04. Try both with the BTS Meal https://t.co/XbLikc4c3m,soulforseven,,,
neutral,"RT @IndiaTVHindi: à¤¸à¤¸à¥à¤°à¤¾à¤² à¤¸à¤¿à¤®à¤° à¤•à¤¾ 2 à¤«à¥‡à¤® à¤à¤•à¥à¤Ÿà¥à¤°à¥‡à¤¸ à¤µà¤¿à¤­à¤¾ à¤œà¤—à¤¤ à¤•à¤¾ à¤–à¥à¤²à¤¾à¤¸à¤¾, à¤¦à¥‹ à¤¸à¤¾à¤² à¤¸à¥‡ à¤¥à¥€à¤‚ à¤¬à¥‡à¤°à¥‹à¤œà¤—à¤¾à¤°, à¤¨à¤¸à¥€à¤¬ à¤¸à¥‡ à¤®à¤¿à¤²à¤¤à¤¾ à¤¥à¤¾ à¤à¤• à¤µà¤•à¥à¤¤ à¤•à¤¾ à¤–à¤¾à¤¨à¤¾... https://t.câ€¦",indiatvnews,,,
neutral,RT @mcdonaldsindia: U decide which one is spicier on 6.04. Try both with the BTS Meal https://t.co/XbLikc4c3m,TheKoalaKoya,,,
neutral,RT @McDonaldsMexico: TÃº decidirÃ¡s cuÃ¡l es mÃ¡s picante el 1.06\nPrueba ambas en The BTS Meal. https://t.co/pGBCiQqJJL,CeciliaGarcival,,,
neutral,Why does it hurt when I eat breakfast but not the same meal a different hour of the day this is bullshit,PanfurMomb,,,
positive,"We were taught that the normal square meal for a normal person is 3 times a day. But in the same country, we are unâ€¦ https://t.co/Qm0FVqG9Pv",realbrightking,,,
positive,RT @GunjankaurAnand: @itsJyotiRekha @sandygrains Itâ€™s very easy to say such things but when u n ur family is suffering u still think aboutâ€¦,smilingeyes21,,,
neutral,RT @sugacology: ğŸ—“ BTS SCHEDULE\n\nâ€¢ MAY 11 ã…¡ BRIT Awards\nâ€¢ MAY 16 ã…¡ Lotte Family Concert\nâ€¢ MAY 21 ã…¡ BTS comeback 'BUTTER'\nâ€¢ MAY 24 ã…¡ BBMAs 20â€¦,itsbangtan4ever,,,
positive,"RT @forkeyus: Q. have you ever thought of having a meal with keyu? \n\nğŸ»: he's so busy, from day till night he's so busy\n\n#å‘¨æŸ¯å®‡ #å¥¥æ–¯å¡ https://tâ€¦",ZKeyuerrrr,,,
negative,@DudeJLebowski @mtcbtc @GillianMcKeith @BorisJohnson Iâ€™m sorry my man ğŸ˜– hope you have bitcoin on the balance sheet.â€¦ https://t.co/mNVz7yyVdQ,1e9petrichor,,,
neutral,RT @mcdonaldsindia: U decide which one is spicier on 6.04. Try both with the BTS Meal https://t.co/XbLikc4c3m,abia_riza,,,
neutral,RT @CaWalnutsIndia: A comforting bowl of dal and rice with the added goodness of walnuts not only soothes the soul but also provides essentâ€¦,AishwaryaFanz,,,
neutral,2. Belum cobain BTS Meal,notyourleia,,,
neutral,@DeShobhaa it is bcoz of eating rice meal and not roti!,kanagaraj_kkl,,,
neutral,RT @priconne_en: I could never say no to a home-cooked meal! ğŸ¥ºğŸ’– https://t.co/nTZcX001zm,tenzokuu,,,
neutral,RT @McDonalds: u decide which one is spicier on 5.26. \ntry both with the BTS Meal https://t.co/x8X2BjA0Lc,elisesaphira,,,
neutral,RT @_rodeothealbum: @331DES @_melissacastle â€œsir because you didnâ€™t finish your meal weâ€™re going to spank youâ€\n\nme:  https://t.co/jrtz8Quo7q,Jay_Luke19,,,
neutral,RT @McDonalds: u decide which one is spicier on 5.26. \ntry both with the BTS Meal https://t.co/x8X2BjA0Lc,jjooniemoni,,,
positive,"RT @forkeyus: Q. have you ever thought of having a meal with keyu? \n\nğŸ»: he's so busy, from day till night he's so busy\n\n#å‘¨æŸ¯å®‡ #å¥¥æ–¯å¡ https://tâ€¦",Mdnght_honey,,,
neutral,RT @McDonalds: u decide which one is spicier on 5.26. \ntry both with the BTS Meal https://t.co/x8X2BjA0Lc,wafa10army,,,
positive,"RT @udayfoundation: Unsure of next meal, battling with Covid-19. Give your hands to serve, and your hearts to love. Donate Now.",Surjeet56250944,,,
neutral,@worcesternews Thatâ€™s a regular occurrence in the Meal Deal section of my local Morrisonâ€™sâ€¦and with the crisps still in itâ€¦.ğŸ˜‚,stevecooper1610,,,
positive,"RT @forkeyus: Q. have you ever thought of having a meal with keyu? \n\nğŸ»: he's so busy, from day till night he's so busy\n\n#å‘¨æŸ¯å®‡ #å¥¥æ–¯å¡ https://tâ€¦",poytwoblue,,,
neutral,"RT @halalwiditt: Look at you. You have a roof over your head, youâ€™re fully clothed and you always have a meal at the end of the day. Youâ€™reâ€¦",jxojo,,,
neutral,RT @McDonaldsCanada: u decide which one is spicier on 5.26.\ntry both with the BTS meal https://t.co/sx4j11B6bU,foreverhyung,,,
neutral,"@canisetcoluber Un dÃ­a es un dÃ­a, dÃ©monos un caprichito etc etc. Uf, lo malo es que tambiÃ©n quiero el juguete del Hâ€¦ https://t.co/eTQvzoFCEf",LostMemorabilia,,,
neutral,Here are the answers from Harvard College itself. https://t.co/ZLzQEXeF3X,thisisQuiche,,,
positive,Buti na lang talaga napa akyat ko si ate sa stage nung graduation nung shs kasi ngayong college 3 na lang mabibigay ko HAHAHAHAHA.,loey_oey,,,
neutral,"RT @RepKClark: Don't think #childcare benefits the entire economy? Think again: expanding access to affordable, quality care would increaseâ€¦",robearto777,,,
positive,"RT @gonortheast: ğŸ”§ ENGINEERING APPRENTICES ğŸ”§\n\nWe're looking for bright and enthusiastic people to join our highly-coveted, award-winning apâ€¦",gatesheadcoll,,,
neutral,"RT @Mediavenir: ğŸ”´ ALERTE - Une collÃ©gienne est portÃ©e disparue Ã  #Poitiers. Eva, 14 ans, a Ã©tÃ© vue pour la derniÃ¨re fois ce lundi Ã  9h30 deâ€¦",Shaunalbchc,,,
neutral,"RT @Mediavenir: ğŸ”´ ALERTE - Une collÃ©gienne est portÃ©e disparue Ã  #Poitiers. Eva, 14 ans, a Ã©tÃ© vue pour la derniÃ¨re fois ce lundi Ã  9h30 deâ€¦",MarineCattiaux,,,
positive,RT @bubblyjimin_: ã€Œ illusion ã€           âœ§ #jikook au âœ§\n\n- in which popular guy Jimin is spotted leaving Jeongguk's apartment really earlyâ€¦,Myeuphoria132,,,
positive,RT @Debalinachak: @VikramChatterje @srijitspeaketh @swastika24 \nAvailability of bed kolkata\nChittaranjan cancer institute-75 bed normal covâ€¦,krysnah_9,,,
negative,RT @JulianaAhua: MISSING PERSON\nName: Nimota Pascaline Olatunde.\nAge:15\nHeight /Colour:chocolate \nLast Seen:Ceder international college\nLocâ€¦,_haleeemah,,,
positive,New week and only four days long whoop! So here is another eBook of the week recommendation! For bath college studeâ€¦ https://t.co/82dqVfyHDX,LibraryBathColl,,,
negative,RT @HaramiParindey: #Delhi \n\nDeen Dayal Upadhyay College Isolation Center with oxygen support is now functional. It is verified. Details inâ€¦,acan_sha,,,
positive,"RT @RisingCoaches: The Rising Coaches Podcast! ğŸ™ï¸\n\nTune in #LIVE at 11 am EST on Tuesday, and hear from @franfraschilla, @espn college baskâ€¦",SquiresRichmond,,,
neutral,leonkitbatwila\nView or comment:- https://t.co/Ua3Ne8MLyV https://t.co/fTaeNC4gbt,j2webby,,,
positive,"RT @ciawadoyle: My boyfriend doesnâ€™t really use social media and is so out of the loop, I just said â€œTristan cheated on Khloe againâ€ and heâ€¦",aqua_lovex,,,
positive,RT @FS_Yusuf_: Students of Federal College of Forestry Mechanisation are still in captive\n\nStudents of Greenfield University are still in câ€¦,adetututife,,,
neutral,"RT @Mediavenir: ğŸ”´ ALERTE - Une collÃ©gienne est portÃ©e disparue Ã  #Poitiers. Eva, 14 ans, a Ã©tÃ© vue pour la derniÃ¨re fois ce lundi Ã  9h30 deâ€¦",Yussef_L,,,
positive,"RT @Su4ita: Deen Dayal Upadhyay college, #Dwarka \n200 beds with #oxygen facility #available\nContact 9717544495 to book a slot.\n\nRecently veâ€¦",singhiskingh,,,
negative,RT @HaramiParindey: #Delhi \n\nDeen Dayal Upadhyay College Isolation Center with oxygen support is now functional. It is verified. Details inâ€¦,priyankbalyan,,,
neutral,I always ask muself why did i go to college 450km away from my home but then i go home and realise why,maybekinky,,,
positive,@book_reviewcrew College life- an amazing stop of life!\nhttps://t.co/TWfFXXZfhE \nGive it a read and tell me your viâ€¦ https://t.co/Rm1RyjFw4k,iamRajeshSing,,,
negative,Horny College Girl Roomates Lick &amp; Dildo EachÂ Other https://t.co/PWa0ah9Z2Z,XvideosRj,,,
positive,RT @pooja_news: #Touched: A 75-yr-old lady after winning her battle against Covid hugs Dr. Abhishikta Mullick at Medical College &amp; Hospitalâ€¦,SBanpai,,,
negative,RT @GUgorji: MISSING PERSON!!!\n\nName: Nimota Pascaline Olatunde.\nAge:15\nHeight /Colour:chocolate \nLast Seen:Ceder international college\nLocâ€¦,wolverined3rd,,,
positive,the College of Public Speaking wins first prize for the UK's best public speaking blog. Read about how hundreds ofâ€¦ https://t.co/Su2PWPFIV9,CollPubSpeaking,,,
neutral,"RT @Mediavenir: ğŸ”´ ALERTE - Une collÃ©gienne est portÃ©e disparue Ã  #Poitiers. Eva, 14 ans, a Ã©tÃ© vue pour la derniÃ¨re fois ce lundi Ã  9h30 deâ€¦",AMEAUMEM,,,
negative,RT @JulianaAhua: MISSING PERSON\nName: Nimota Pascaline Olatunde.\nAge:15\nHeight /Colour:chocolate \nLast Seen:Ceder international college\nLocâ€¦,f_wildee,,,
neutral,"RT @Mediavenir: ğŸ”´ ALERTE - Une collÃ©gienne est portÃ©e disparue Ã  #Poitiers. Eva, 14 ans, a Ã©tÃ© vue pour la derniÃ¨re fois ce lundi Ã  9h30 deâ€¦",MlleCassouille,,,
positive,Flight Attendant ta's humadlang tita ko kaya military na lang pinili ko ngayon para sa college\n44\n#SB19 I SB19â€¦ https://t.co/DVE8PZhlyI,_achlys3,,,
neutral,"RT @Mediavenir: ğŸ”´ ALERTE - Une collÃ©gienne est portÃ©e disparue Ã  #Poitiers. Eva, 14 ans, a Ã©tÃ© vue pour la derniÃ¨re fois ce lundi Ã  9h30 deâ€¦",Iamunreal__,,,
neutral,"RT @AuntyFire: Disparition inquiÃ©tante d'une personne mineure vers POITIERS\nCette personne a 14 ans, s'appelle Eva Prevostel et a Ã©tÃ© vu poâ€¦",Maxipxtasse,,,
negative,ğŸ–•Fuck Reed College in United States ğŸ‡ºğŸ‡¸,fuckeveryuni,,,
negative,"RT @odun42000: Ondo state Twitter communities are so boring. Where are students of Achievers Uni, Rugipo, Akungba, Wusto, Elizade Adeyemi,â€¦",odun42000,,,
negative,RT @HaramiParindey: #Delhi \n\nDeen Dayal Upadhyay College Isolation Center with oxygen support is now functional. It is verified. Details inâ€¦,abhishekshaww,,,
positive,@EyesnWeather @SuperrCriticall 100% ippudiki kuppalu vachi college leader movies\nfresh ga ati vundadu ha role,Komorambhim,,,
negative,RT @JulianaAhua: MISSING PERSON\nName: Nimota Pascaline Olatunde.\nAge:15\nHeight /Colour:chocolate \nLast Seen:Ceder international college\nLocâ€¦,keerahspice_,,,
positive,I worked 33 hours a week as a full-time student all through college just to be able to afford to go.\n\nThe cost of gâ€¦ https://t.co/ZcF929Rx2d,powerian,,,
neutral,"RT @Mediavenir: ğŸ”´ ALERTE - Une collÃ©gienne est portÃ©e disparue Ã  #Poitiers. Eva, 14 ans, a Ã©tÃ© vue pour la derniÃ¨re fois ce lundi Ã  9h30 deâ€¦",mada__me2k,,,
neutral,"1/2 I request you to think on it only once that a Student who Went to College only 2 months and attempted No Exam,â€¦ https://t.co/VwApmuf94e",Salkhano_x,,,
positive,"RT @oaklandscollege: Meet Denise, one of our fantastic A Level lecturers at Oaklands College. In our latest blog, Denise shares what a studâ€¦",Faith_OfficialA,,,
neutral,@BeTheMagpie Balliol College Oxford,KristenStewLDN,,,
neutral,"RT @AuntyFire: Disparition inquiÃ©tante d'une personne mineure vers POITIERS\nCette personne a 14 ans, s'appelle Eva Prevostel et a Ã©tÃ© vu poâ€¦",_harol_d,,,
positive,"What precautions should a mild #Covid patient take in #quarantine/#isolation?\n\nDr. Dilip Kadam, President, Corona Tâ€¦ https://t.co/y55M5cPRLg",pcmcindiagovin,,,
neutral,@ystxrcole Applying for college? Check out the courses and universities in https://t.co/WA68M733Iz. Apply to any coâ€¦ https://t.co/8zaCl5MYpb,edukasyonph,,,
neutral,"Katulad niyo, gusto ko na rin talaga mag college\n#BoomKirigKirig #RGNSS_Electrorenegades\n#ANSHS_RGNSS\n#TatakAlSci\n#AlSci_GameOnD7",anons_unsaidwrd,,,
positive,RT @keren_khin: Two bombs had exploded in this morning in Mawlamyine. One explosion happened near ShweMyaingThiri Administrative Office andâ€¦,kuwonu9,,,
positive,@AlessyBil College life- an amazing stop of life!\nhttps://t.co/TWfFXXZfhE \nGive it a read and tell me your views abâ€¦ https://t.co/QcXsQjMTJv,iamRajeshSing,,,
neutral,"RT @TakeThatDarwin: Either Clown College has an accredited molecular biology program, or else this guy has just discovered that Kinkoâ€™s wilâ€¦",JoeriNL,,,
positive,RT @POTUS: The American Jobs Plan is a blue-collar blueprint to build America. Nearly 90% of the infrastructure jobs created by the plan doâ€¦,kyawmyo74135362,,,
neutral,RT @MiamiDolphins: .@Tua graduated from college over the weekend! ğŸ¥³\n\n(via @UofAlabama) https://t.co/bzikJGzOeV,JoelSmith64,,,
negative,Hated structural geology when I was in college but hey I've mapped and identified numerous faults and its attitudes like oh my God hahahahah,bathoblitz,,,
negative,RT @Telegraph: ğŸ“Œ Experts say cognitive behavioural therapy (CBT) can be helpful.\n \nCBT aims to â€œactively break those negative cycles of thoâ€¦,CorbettEva,,,
positive,@madison_kay18 congrats!!! out of all of us iâ€™m glad it was you who went and graduated collegeğŸ’œğŸ’œ,Colin_Slays,,,
neutral,https://t.co/R3Lr2M9jlQ,iqi4u,,,
positive,A good list of #books to check out here https://t.co/jZHlk9d90g,ICHAS_College,,,
negative,RT @HaramiParindey: #Delhi \n\nDeen Dayal Upadhyay College Isolation Center with oxygen support is now functional. It is verified. Details inâ€¦,RiK_Kr,,,
neutral,RT @akki16674: #PlasmaRequirement #MEERUT\nName patient : Satya Narain Srivastava Age:78\nHelp required(type)O-Covid Plasma\nCity: Meerut\nAtteâ€¦,mab25__,,,
neutral,"RT @Mediavenir: ğŸ”´ ALERTE - Une collÃ©gienne est portÃ©e disparue Ã  #Poitiers. Eva, 14 ans, a Ã©tÃ© vue pour la derniÃ¨re fois ce lundi Ã  9h30 deâ€¦",MilouMayana,,,
positive,Closing Becker College to Lay Off More Than 300 https://t.co/Io3cJFavep,Ahighervision,,,
neutral,"RT @Mediavenir: ğŸ”´ ALERTE - Une collÃ©gienne est portÃ©e disparue Ã  #Poitiers. Eva, 14 ans, a Ã©tÃ© vue pour la derniÃ¨re fois ce lundi Ã  9h30 deâ€¦",OL86340,,,
neutral,RT @DrJuliaWilliams: Dont forget the College of Paramedics is always looking for completed research to be presented at our monthly webinarsâ€¦,SECAmb_Research,,,
neutral,RT @lemondefr: Des croix gammÃ©es et des tags antisÃ©mites dÃ©couverts dans un collÃ¨ge de Chauvigny https://t.co/QOUFTNybgY,amnestyPoitiers,,,
negative,RT @HaramiParindey: #Delhi \n\nDeen Dayal Upadhyay College Isolation Center with oxygen support is now functional. It is verified. Details inâ€¦,sarcasticyadav_,,,
positive,@HarissonShaws College life- an amazing stop of life!\nhttps://t.co/TWfFXXZfhE \nGive it a read and tell me your viewâ€¦ https://t.co/UWjhmd8IM9,iamRajeshSing,,,
neutral,"RT @Mediavenir: ğŸ”´ ALERTE - Une collÃ©gienne est portÃ©e disparue Ã  #Poitiers. Eva, 14 ans, a Ã©tÃ© vue pour la derniÃ¨re fois ce lundi Ã  9h30 deâ€¦",Taetriss,,,
positive,Our bursary applications are officially open for new and progressing students! ğŸ™Œ Please ensure you apply before 1stâ€¦ https://t.co/RRQizGrlMR,NKCollege1,,,
neutral,"RT @Mediavenir: ğŸ”´ ALERTE - Une collÃ©gienne est portÃ©e disparue Ã  #Poitiers. Eva, 14 ans, a Ã©tÃ© vue pour la derniÃ¨re fois ce lundi Ã  9h30 deâ€¦",anaismhx,,,
neutral,RT @SuryahSG: I was a School/College student during last #DMK rule here in Tamil Nadu. People were terrified &amp; routed DMK in 2011.\n\nToday Dâ€¦,hemanthbhk_bjp,,,
negative,signing petition after petition to stop the university of california from gutting a college radio station but it seems to have little effect,walnutbatard,,,
neutral,Mj kundaliya arts and commerce mahila College#2guj girl's DN#ncc_dte gujrat#ekmaisaukeliye https://t.co/eEUVCVpaey,GohilBhaktiba,,,
positive,RT @EllenAgreaux: une pote voisine elle avait un ptit garÃ§on bien gentil normal qui lisait des livres et faisait sa vie de ptit bonhomme...â€¦,hparadoxa,,,
neutral,"RT @BudgITng: ...while the Federal College of Forestry in Ibadan, Oyo State, got N50m for the construction of street lights in Edo State. Tâ€¦",dondekojo,,,
positive,"RT @Su4ita: Deen Dayal Upadhyay college, #Dwarka \n200 beds with #oxygen facility #available\nContact 9717544495 to book a slot.\n\nRecently veâ€¦",TrpSid,,,
positive,RT @Vinayak83480635: This is a tough time....\n Cancel 12 board exams ASAP! You have many options like entrance test in college etc.\n#DONTIGâ€¦,Saurabh11737822,,,
negative,RT @JulianaAhua: MISSING PERSON\nName: Nimota Pascaline Olatunde.\nAge:15\nHeight /Colour:chocolate \nLast Seen:Ceder international college\nLocâ€¦,Hoikibaby1,,,
negative,#Delhi \n\nDeen Dayal Upadhyay College Isolation Center with oxygen support is now functional. It is verified. Detailâ€¦ https://t.co/KNEDR6Wata,HaramiParindey,,,
negative,RT @JulianaAhua: MISSING PERSON\nName: Nimota Pascaline Olatunde.\nAge:15\nHeight /Colour:chocolate \nLast Seen:Ceder international college\nLocâ€¦,x_Mojoyin_x,,,
neutral,@616soldat i'd be 23???? out of college??? i'd have a job????????? what,povismine,,,
neutral,"RT @Mediavenir: ğŸ”´ ALERTE - Une collÃ©gienne est portÃ©e disparue Ã  #Poitiers. Eva, 14 ans, a Ã©tÃ© vue pour la derniÃ¨re fois ce lundi Ã  9h30 deâ€¦",Hugo_Gernez13,,,
negative,"RT @trunills: A college student named Shaswati Jana of Pingla in West Bengal was gang-r@ped and killed on 3rd May, the very next day afterâ€¦",Tripura34991358,,,
neutral,@DrMuradPTI @Shafqat_Mahmood @DrMuradPTI  \n   College band Acedmy band. Har chees band thek 2 months baad board exaâ€¦ https://t.co/eVtOuVZgmA,Saboormirza5,,,
neutral,"RT @parthshukla28: Ipl suspended, that plant lady suspended, my college next?ğŸ¥´",tweetwpra,,,
positive,@LauraOTstudent I went to Salford College of Technology (no longer there) to train as an OT - love Salford!! All thâ€¦ https://t.co/mBVI4tB3K1,margaret_ot,,,
positive,RT @Vinayak83480635: This is a tough time....\n Cancel 12 board exams ASAP! You have many options like entrance test in college etc.\n#DONTIGâ€¦,jaimini_vaibhav,,,
neutral,RT @Mediavenir: ğŸ‡«ğŸ‡· FLASH - Tentative de blocage du collÃ¨ge-lycÃ©e #Balzac dans le 17e arrondissement de #Paris. Les forces de lâ€™ordre Ã©taienâ€¦,BenjyBrBo,,,
neutral,RT @Rebels247: Softball Rebels know they'll be on the road when the NCAA Tournament starts https://t.co/MIw9jDeRlT via @247sports #OleMissâ€¦,TTVDixieBlunder,,,
positive,"Even though unemployment shut me off for being a college student, I still received my back pay of $15,000 god is good ğŸ˜­ğŸ˜­ğŸ˜­ğŸ’™",heirtay,,,
negative,Does it make me a terrible person and artist to take on commissions of....adult related art after such a long timeâ€¦ https://t.co/Z59qqpH6pe,LegendOfZeldart,,,
positive,"RT @0098LIN0: Love Me Harder\nâ€” a hyunjin x oc au.\n\nZild (hj), a college student who is a huge mess, was drawn to Elyssa (you), the mayor'sâ€¦",kyhwrites_,,,
neutral,"RT @imayushee: @PMOIndia @drharshvardhan @MoHFW_INDIA\n PLEASE! Give #NEETMDS aspirants some acknowledgement, and tell us what is happeningâ€¦",mujeepraga,,,
neutral,RT @Mediavenir: ğŸ‡«ğŸ‡· FLASH - Tentative de blocage du collÃ¨ge-lycÃ©e #Balzac dans le 17e arrondissement de #Paris. Les forces de lâ€™ordre Ã©taienâ€¦,martyta87607637,,,
neutral,"RT @FLOTUS: No matter where I go, when I visit a community college, I always feel like Iâ€™m coming home. https://t.co/8oUr35BNdd",sjhlfc,,,
neutral,"RT @Mediavenir: ğŸ”´ ALERTE - Une collÃ©gienne est portÃ©e disparue Ã  #Poitiers. Eva, 14 ans, a Ã©tÃ© vue pour la derniÃ¨re fois ce lundi Ã  9h30 deâ€¦",DelahayeDim,,,
positive,"RT @0098LIN0: Love Me Harder\nâ€” a hyunjin x oc au.\n\nZild (hj), a college student who is a huge mess, was drawn to Elyssa (you), the mayor'sâ€¦",yongspixie,,,
neutral,@AlphaDelta327 @DispatcherStour I quit college there and then! Mid 2018 feels ages ago but yesterday at the same time ğŸ˜‚,LifeDownTheLine,,,
positive,RT @POTUS: The American Jobs Plan is a blue-collar blueprint to build America. Nearly 90% of the infrastructure jobs created by the plan doâ€¦,OputeBenjamin3,,,
neutral,"RT @AuntyFire: Disparition inquiÃ©tante d'une personne mineure vers POITIERS\nCette personne a 14 ans, s'appelle Eva Prevostel et a Ã©tÃ© vu poâ€¦",_LA_PAROLE_,,,
neutral,"RT @Mediavenir: ğŸ”´ ALERTE - Une collÃ©gienne est portÃ©e disparue Ã  #Poitiers. Eva, 14 ans, a Ã©tÃ© vue pour la derniÃ¨re fois ce lundi Ã  9h30 deâ€¦",SpaceOP__,,,
negative,RT @GUgorji: MISSING PERSON!!!\n\nName: Nimota Pascaline Olatunde.\nAge:15\nHeight /Colour:chocolate \nLast Seen:Ceder international college\nLocâ€¦,millermoses_,,,
neutral,"RT @Mediavenir: ğŸ”´ ALERTE - Une collÃ©gienne est portÃ©e disparue Ã  #Poitiers. Eva, 14 ans, a Ã©tÃ© vue pour la derniÃ¨re fois ce lundi Ã  9h30 deâ€¦",Kissand11202510,,,
neutral,RT @IittIepissbaby: dÃ©nonce bien !!! moi mes 6e je leur dis regardez c'est un losange il a 4 cÃ´tÃ©s tous Ã©gaux vous savez pourquoi ? le losaâ€¦,piratedekibuye,,,
